Date,Open,High,Low,Close,Adj Close,Volume
2015-06-10,106.349998,107.690002,106.110001,107.529999,100.674988,1133200
2015-06-11,107.820000,108.769997,107.400002,108.750000,101.817192,882700
2015-06-12,108.599998,108.949997,107.879997,108.709999,101.779770,1366100
2015-06-15,107.930000,107.970001,107.070000,107.949997,101.068222,815400
2015-06-16,107.639999,108.370003,107.500000,108.029999,101.143105,638200
2015-06-17,108.400002,108.849998,107.910004,108.419998,101.508240,632400
2015-06-18,108.839996,110.290001,108.290001,110.000000,102.987518,1698800
2015-06-19,109.699997,110.550003,109.099998,110.059998,103.043716,2973300
2015-06-22,110.830002,111.059998,109.959999,110.820000,103.755249,703400
2015-06-23,110.750000,111.059998,109.959999,110.570000,103.521194,552100
2015-06-24,110.199997,111.000000,109.910004,109.949997,102.940697,520500
2015-06-25,110.040001,110.309998,109.230003,109.239998,102.275970,470900
2015-06-26,109.629997,110.599998,109.269997,110.550003,103.502472,735700
2015-06-29,109.540001,109.900002,106.959999,107.169998,100.337936,803700
2015-06-30,108.000000,108.440002,107.139999,107.959999,101.077576,1060000
2015-07-01,108.720001,109.360001,108.150002,108.989998,102.041893,654500
2015-07-02,109.290001,109.309998,108.120003,108.709999,101.779770,566000
2015-07-06,107.860001,109.190002,107.849998,108.449997,101.536331,1024200
2015-07-07,108.760002,109.669998,107.400002,109.459999,102.481949,787300
2015-07-08,108.379997,109.110001,107.690002,108.070000,101.180565,871600
2015-07-09,109.330002,110.000000,107.940002,108.379997,101.470810,929800
2015-07-10,109.440002,110.800003,108.709999,110.480003,103.436928,797400
2015-07-13,111.480003,111.699997,110.720001,111.180000,104.092308,633100
2015-07-14,111.320000,112.480003,110.940002,112.099998,104.953644,483000
2015-07-15,112.050003,112.400002,111.529999,112.330002,105.168991,756200
2015-07-16,112.989998,113.330002,112.699997,112.750000,105.562241,853000
2015-07-17,112.720001,112.970001,112.080002,112.739998,105.552856,536200
2015-07-20,112.870003,113.540001,112.379997,112.900002,105.702644,641400
2015-07-21,113.099998,113.870003,112.040001,112.309998,105.150261,880500
2015-07-22,111.900002,112.870003,111.730003,112.370003,105.206436,726700
2015-07-23,112.459999,112.739998,111.230003,111.760002,104.635330,869100
2015-07-24,111.269997,113.440002,111.019997,111.820000,104.691505,994400
2015-07-27,111.559998,111.919998,109.830002,110.320000,103.287117,1394200
2015-07-28,111.059998,111.059998,109.360001,109.750000,102.753464,653900
2015-07-29,109.930000,110.500000,109.379997,110.330002,103.296471,669100
2015-07-30,110.209999,111.760002,109.730003,111.529999,104.419975,643500
2015-07-31,111.779999,111.930000,110.320000,110.430000,103.390137,729400
2015-08-03,110.660004,110.660004,109.339996,110.620003,103.568001,837800
2015-08-04,110.400002,111.760002,110.400002,111.190002,104.101669,544700
2015-08-05,111.800003,112.580002,111.339996,111.800003,104.672783,732500
2015-08-06,111.870003,111.870003,110.139999,110.309998,103.277756,573000
2015-08-07,110.309998,110.339996,109.279999,109.809998,102.809639,509100
2015-08-10,110.660004,111.739998,110.540001,111.669998,104.551056,630000
2015-08-11,110.830002,111.440002,110.209999,110.540001,103.493095,510200
2015-08-12,109.610001,110.050003,108.010002,109.430000,102.453865,881400
2015-08-13,109.660004,110.610001,109.239998,110.180000,103.156052,711500
2015-08-14,110.059998,111.500000,110.059998,110.809998,103.745888,804200
2015-08-17,110.110001,111.349998,109.529999,111.279999,104.185905,475500
2015-08-18,110.970001,111.690002,110.760002,110.980003,104.223495,397200
2015-08-19,110.760002,111.480003,109.839996,110.599998,103.866608,619300
2015-08-20,109.529999,109.779999,107.540001,107.570000,101.021095,788900
2015-08-21,107.000000,107.559998,103.580002,103.629997,97.320953,1258600
2015-08-24,98.330002,103.000000,96.000000,99.470001,93.414230,1831400
2015-08-25,102.199997,104.900002,98.820000,98.940002,92.916481,1809600
2015-08-26,100.839996,102.769997,98.839996,102.519997,96.278534,1256800
2015-08-27,103.550003,104.860001,102.760002,104.570000,98.203735,1264100
2015-08-28,104.570000,104.730003,103.449997,104.389999,98.034698,871400
2015-08-31,103.830002,104.379997,102.260002,102.309998,96.081322,841000
2015-09-01,99.910004,101.059998,98.410004,98.989998,92.963432,1264200
2015-09-02,99.949997,101.180000,98.440002,100.559998,94.437881,1084400
2015-09-03,100.839996,102.339996,100.610001,100.940002,94.794746,1020900
2015-09-04,99.589996,101.059998,98.550003,99.199997,93.160675,923300
2015-09-08,101.099998,101.589996,100.010002,101.410004,95.236122,1139400
2015-09-09,102.529999,102.970001,99.930000,100.169998,94.071609,679900
2015-09-10,99.860001,101.489998,99.860001,100.820000,94.682045,1076800
2015-09-11,100.330002,101.830002,100.000000,101.559998,95.376976,693200
2015-09-14,101.570000,101.980003,100.699997,100.919998,94.775940,828500
2015-09-15,101.230003,102.730003,100.989998,102.430000,96.194016,795800
2015-09-16,102.430000,103.239998,102.160004,102.900002,96.635414,801700
2015-09-17,103.070000,103.910004,102.000000,102.309998,96.081322,873100
2015-09-18,99.839996,102.230003,99.839996,100.750000,94.616318,1829100
2015-09-21,101.519997,102.639999,100.980003,101.779999,95.583603,599900
2015-09-22,100.410004,101.050003,99.889999,100.629997,94.503593,632600
2015-09-23,100.500000,101.559998,99.550003,101.120003,94.963783,492600
2015-09-24,100.099998,100.379997,98.709999,99.940002,93.855637,1112700
2015-09-25,101.000000,101.279999,99.680000,100.419998,94.306389,661500
2015-09-28,99.610001,100.040001,96.860001,96.889999,90.991287,2040900
2015-09-29,97.279999,97.750000,96.849998,97.529999,91.592339,993300
2015-09-30,98.500000,99.010002,96.949997,98.199997,92.221542,1375200
2015-10-01,98.040001,98.760002,96.230003,97.489998,91.554756,1458000
2015-10-02,95.889999,99.190002,95.639999,99.050003,93.019791,1401100
2015-10-05,100.370003,101.959999,99.820000,101.080002,94.926208,1368100
2015-10-06,100.610001,101.080002,99.029999,99.099998,93.066750,875700
2015-10-07,99.639999,100.129997,98.190002,99.440002,93.386063,1112600
2015-10-08,99.220001,99.599998,98.070000,98.379997,92.390594,1922800
2015-10-09,98.419998,99.379997,98.400002,98.879997,92.860146,896200
2015-10-12,98.910004,99.459999,98.669998,99.040001,93.010399,292500
2015-10-13,98.760002,99.279999,97.980003,98.089996,92.118225,666500
2015-10-14,97.849998,99.139999,97.129997,97.629997,91.686241,782000
2015-10-15,98.589996,100.050003,97.650002,100.040001,93.949532,699900
2015-10-16,100.540001,101.000000,100.010002,100.580002,94.456642,768100
2015-10-19,100.040001,100.589996,99.290001,99.910004,93.827438,807400
2015-10-20,99.650002,100.430000,99.639999,100.150002,94.052826,510600
2015-10-21,100.449997,100.459999,97.690002,97.730003,91.780151,656600
2015-10-22,98.089996,99.570000,98.070000,99.019997,92.991623,799600
2015-10-23,99.739998,100.669998,99.400002,100.500000,94.381516,896900
2015-10-26,100.500000,101.120003,99.989998,100.970001,94.822914,379700
2015-10-27,100.250000,100.980003,99.300003,99.410004,93.357887,588100
2015-10-28,99.690002,100.389999,98.779999,100.389999,94.278206,1146900
2015-10-29,100.139999,101.800003,99.610001,101.529999,95.348808,960800
2015-10-30,98.599998,100.720001,96.110001,96.160004,90.305725,1724500
2015-11-02,95.000000,96.519997,94.199997,96.449997,90.578079,3106900
2015-11-03,96.120003,99.239998,95.870003,99.199997,93.160675,1761100
2015-11-04,99.199997,100.110001,99.169998,99.629997,93.564484,1510100
2015-11-05,100.110001,101.919998,99.389999,101.599998,95.414551,1239300
2015-11-06,102.050003,102.599998,101.199997,102.550003,96.306717,2239300
2015-11-09,102.349998,102.519997,99.870003,100.379997,94.268822,1865300
2015-11-10,99.830002,100.459999,99.330002,100.099998,94.005867,1582300
2015-11-11,100.639999,101.080002,99.919998,100.730003,94.597534,971200
2015-11-12,99.870003,101.110001,99.029999,99.400002,93.348488,2992900
2015-11-13,99.599998,99.599998,96.389999,96.900002,91.000694,2056100
2015-11-16,96.610001,98.139999,96.070000,98.089996,92.118225,1309400
2015-11-17,99.300003,102.540001,98.820000,101.199997,95.038895,2234800
2015-11-18,101.449997,103.290001,99.139999,103.199997,97.243858,1271400
2015-11-19,103.260002,103.680000,102.699997,103.430000,97.460556,995300
2015-11-20,103.809998,104.629997,103.400002,104.339996,98.318054,1224400
2015-11-23,104.550003,104.830002,104.050003,104.169998,98.157852,1385500
2015-11-24,103.330002,103.750000,102.940002,103.489998,97.517105,970500
2015-11-25,103.730003,103.779999,102.449997,102.879997,96.942314,823500
2015-11-27,103.169998,104.019997,102.739998,103.790001,97.799805,486300
2015-11-30,103.750000,104.089996,102.970001,103.120003,97.168472,1188200
2015-12-01,103.489998,103.809998,102.589996,103.440002,97.470001,1165200
2015-12-02,103.599998,103.699997,102.629997,102.900002,96.961166,1055000
2015-12-03,103.129997,103.349998,101.089996,101.360001,95.510040,1980500
2015-12-04,101.690002,104.050003,101.480003,104.019997,98.016533,928100
2015-12-07,103.050003,104.230003,103.000000,104.050003,98.044792,2068800
2015-12-08,102.980003,103.580002,101.370003,101.489998,95.632523,1200800
2015-12-09,100.970001,102.320000,99.239998,99.339996,93.606613,1249700
2015-12-10,99.699997,100.260002,99.379997,99.529999,93.785667,670700
2015-12-11,98.250000,98.949997,95.220001,95.730003,90.204979,2050000
2015-12-14,96.010002,97.000000,95.370003,96.779999,91.194366,1439300
2015-12-15,97.870003,99.889999,97.190002,98.660004,92.965874,2099400
2015-12-16,99.379997,100.320000,98.059998,99.320000,93.587791,1517800
2015-12-17,99.580002,100.389999,97.820000,97.879997,92.230896,923000
2015-12-18,97.190002,98.160004,96.699997,97.459999,91.835114,1829400
2015-12-21,98.169998,99.580002,98.070000,99.209999,93.484131,1266300
2015-12-22,99.529999,99.529999,98.000000,99.029999,93.314507,639700
2015-12-23,99.300003,100.309998,98.930000,99.849998,94.087189,576500
2015-12-24,99.400002,100.660004,99.239998,100.110001,94.332184,240200
2015-12-28,99.959999,100.739998,99.459999,100.660004,94.850433,465600
2015-12-29,101.320000,101.690002,100.180000,101.559998,95.698494,545300
2015-12-30,101.449997,102.129997,101.070000,101.110001,95.274490,516700
2015-12-31,100.800003,101.860001,100.320000,100.339996,94.548912,596000
2016-01-04,98.440002,98.699997,96.160004,97.220001,91.608986,1688300
2016-01-05,97.510002,99.089996,97.199997,98.570000,92.881073,1525200
2016-01-06,96.900002,97.589996,96.000000,96.809998,91.222649,1294200
2016-01-07,94.070000,94.610001,92.099998,92.720001,87.368706,2793000
2016-01-08,93.199997,93.610001,89.980003,90.080002,84.881058,2660000
2016-01-11,90.919998,91.320000,89.690002,90.860001,85.616043,2065900
2016-01-12,91.809998,91.860001,90.059998,91.169998,85.908157,1938000
2016-01-13,91.720001,91.889999,86.650002,87.110001,82.082481,2799800
2016-01-14,87.610001,88.800003,86.370003,88.120003,83.034187,3387300
2016-01-15,86.019997,86.709999,84.550003,85.989998,81.027122,2836100
2016-01-19,87.139999,87.980003,85.580002,86.430000,81.441727,1906500
2016-01-20,84.860001,87.050003,82.089996,86.129997,81.159019,2578600
2016-01-21,86.570000,87.610001,85.589996,85.800003,80.848083,1295200
2016-01-22,87.290001,88.459999,86.919998,88.419998,83.316872,1111900
2016-01-25,88.419998,88.930000,86.610001,86.750000,81.743256,1241600
2016-01-26,86.849998,88.529999,86.639999,88.330002,83.232079,915800
2016-01-27,88.150002,89.519997,87.589996,88.010002,82.930542,2063700
2016-01-28,88.769997,89.099998,86.790001,87.129997,82.101318,1357900
2016-01-29,88.089996,89.250000,87.110001,89.139999,83.995300,2451700
2016-02-01,88.870003,89.199997,87.559998,88.010002,82.930542,1302500
2016-02-02,87.059998,87.059998,85.110001,85.629997,80.687889,1428500
2016-02-03,86.180000,86.519997,83.209999,85.589996,80.650200,1323500
2016-02-04,85.440002,87.500000,85.440002,87.110001,82.082481,2635100
2016-02-05,88.500000,88.500000,82.269997,83.699997,78.869293,2488800
2016-02-08,81.680000,81.750000,78.510002,79.379997,74.798615,2781100
2016-02-09,78.449997,80.580002,78.010002,80.029999,75.411102,1702600
2016-02-10,80.919998,82.839996,79.989998,80.070000,75.448792,1199200
2016-02-11,78.230003,79.870003,77.760002,78.449997,73.922287,2259200
2016-02-12,79.800003,82.349998,79.260002,82.309998,77.559502,1816200
2016-02-16,83.839996,84.900002,82.320000,83.720001,78.888130,1548700
2016-02-17,84.169998,85.930000,83.680000,85.720001,81.131256,1361000
2016-02-18,85.650002,86.199997,84.639999,85.730003,81.140724,1155300
2016-02-19,85.449997,85.970001,84.680000,85.660004,81.074486,1011100
2016-02-22,86.470001,88.220001,86.239998,88.120003,83.402786,1104700
2016-02-23,87.529999,88.629997,86.669998,86.949997,82.295410,1309600
2016-02-24,85.900002,87.099998,83.709999,86.650002,82.011490,1300700
2016-02-25,86.720001,88.669998,86.720001,88.639999,83.894936,1238900
2016-02-26,88.349998,89.379997,88.139999,88.599998,83.857101,915000
2016-02-29,88.180000,89.839996,87.949997,88.800003,84.046379,1460000
2016-03-01,89.570000,93.230003,89.570000,91.540001,86.639694,3205900
2016-03-02,90.879997,92.540001,90.820000,92.300003,87.359024,1449900
2016-03-03,91.989998,95.019997,90.910004,94.860001,89.781975,2190000
2016-03-04,94.980003,95.750000,94.080002,95.400002,90.293076,1462300
2016-03-07,94.480003,94.809998,93.599998,94.459999,89.403397,1284300
2016-03-08,93.269997,93.620003,92.620003,92.779999,87.813332,1084300
2016-03-09,93.580002,93.620003,92.250000,93.059998,88.078331,812000
2016-03-10,93.139999,94.790001,92.239998,93.129997,88.144577,1555300
2016-03-11,93.809998,94.900002,93.610001,94.500000,89.441269,1700200
2016-03-14,93.930000,94.489998,93.080002,93.680000,88.665146,1019300
2016-03-15,93.089996,93.830002,92.559998,93.599998,88.589417,761600
2016-03-16,93.000000,94.940002,92.980003,94.720001,89.649483,634200
2016-03-17,94.739998,98.339996,94.739998,97.500000,92.280663,1984800
2016-03-18,97.639999,98.559998,96.809998,97.059998,91.864227,2122600
2016-03-21,96.900002,97.000000,95.410004,95.940002,90.804176,1109100
2016-03-22,94.750000,96.459999,94.660004,95.910004,90.775772,1482900
2016-03-23,95.510002,96.239998,94.150002,94.260002,89.214088,1514400
2016-03-24,93.519997,93.519997,91.930000,92.949997,87.974213,1804700
2016-03-28,93.150002,93.699997,92.389999,92.980003,88.002632,1077900
2016-03-29,92.889999,95.529999,92.889999,95.519997,90.406654,1010200
2016-03-30,95.860001,96.330002,95.500000,95.860001,90.728455,938600
2016-03-31,95.720001,96.779999,95.389999,96.559998,91.390961,1015300
2016-04-01,95.639999,97.790001,95.580002,97.559998,92.337433,1297300
2016-04-04,97.690002,98.110001,96.199997,96.250000,91.097557,788200
2016-04-05,94.949997,95.370003,93.589996,93.769997,88.750320,1227100
2016-04-06,93.779999,94.699997,93.250000,94.440002,89.384468,1394200
2016-04-07,93.089996,94.419998,92.610001,92.860001,87.889061,1166100
2016-04-08,93.709999,94.580002,92.879997,93.309998,88.314949,733100
2016-04-11,93.800003,95.190002,93.389999,93.970001,88.939621,1139800
2016-04-12,94.300003,95.540001,94.019997,95.320000,90.217361,841300
2016-04-13,96.040001,98.430000,96.040001,97.959999,92.716034,1162000
2016-04-14,97.860001,98.309998,97.410004,97.989998,92.744415,957300
2016-04-15,97.989998,98.250000,97.040001,97.790001,92.555138,825100
2016-04-18,97.540001,98.980003,97.059998,98.639999,93.359604,637500
2016-04-19,99.209999,100.080002,98.940002,99.589996,94.258774,867900
2016-04-20,99.550003,100.970001,99.150002,100.769997,95.375618,1016200
2016-04-21,100.449997,100.989998,99.620003,99.629997,94.296623,837800
2016-04-22,98.879997,99.849998,98.500000,98.779999,93.492126,1374200
2016-04-25,98.699997,99.349998,98.419998,98.879997,93.586784,913700
2016-04-26,98.339996,99.910004,98.000000,99.690002,94.353432,787100
2016-04-27,99.099998,100.129997,98.879997,99.800003,94.457535,667600
2016-04-28,99.540001,100.820000,98.820000,99.099998,93.794991,1010900
2016-04-29,95.800003,95.889999,92.120003,95.720001,90.595940,4467300
2016-05-02,95.790001,96.400002,94.599998,96.010002,90.870415,1202600
2016-05-03,95.250000,95.760002,93.820000,94.570000,89.507515,1172500
2016-05-04,93.750000,94.150002,92.900002,93.669998,88.655693,1368800
2016-05-05,93.800003,94.419998,93.139999,93.290001,88.296013,851200
2016-05-06,93.000000,94.839996,93.000000,94.459999,89.403397,992200
2016-05-09,94.510002,94.900002,94.040001,94.660004,89.592705,902900
2016-05-10,94.980003,96.410004,94.559998,96.290001,91.135422,860900
2016-05-11,95.860001,96.519997,94.879997,94.900002,89.819839,1055500
2016-05-12,95.550003,95.970001,93.900002,94.739998,89.668396,1368300
2016-05-13,94.540001,95.250000,93.419998,93.820000,88.797646,930200
2016-05-16,94.000000,95.250000,93.779999,94.769997,89.696793,795800
2016-05-17,94.290001,95.010002,93.540001,93.699997,88.684067,890200
2016-05-18,93.370003,94.919998,92.959999,94.160004,89.472748,2156100
2016-05-19,93.959999,94.089996,92.400002,93.070000,88.437019,1071300
2016-05-20,93.610001,94.290001,93.500000,93.830002,89.159180,832800
2016-05-23,93.800003,94.180000,93.250000,93.709999,89.045158,1084300
2016-05-24,94.559998,98.040001,94.430000,97.800003,92.931557,1274400
2016-05-25,98.019997,98.610001,97.940002,98.120003,93.235634,885700
2016-05-26,98.000000,98.220001,97.320000,97.559998,92.703499,496900
2016-05-27,97.870003,98.739998,97.870003,98.730003,93.815285,486100
2016-05-31,99.199997,99.339996,98.260002,98.639999,93.729759,809200
2016-06-01,98.639999,98.949997,97.680000,98.860001,93.938789,712800
2016-06-02,98.720001,99.589996,98.349998,99.589996,94.632462,971300
2016-06-03,98.660004,98.940002,97.790001,98.760002,93.843758,904900
2016-06-06,98.809998,101.360001,98.809998,101.000000,95.972267,1383800
2016-06-07,101.300003,101.470001,100.169998,100.190002,95.202576,593900
2016-06-08,100.120003,101.250000,99.610001,101.070000,96.038773,718800
2016-06-09,100.470001,101.209999,100.129997,101.070000,96.038773,519800
2016-06-10,99.970001,100.139999,98.889999,99.440002,94.489922,1210600
2016-06-13,99.000000,99.489998,98.309998,98.320000,93.425674,1589300
2016-06-14,97.900002,98.580002,97.480003,98.239998,93.349648,1138000
2016-06-15,98.639999,99.500000,98.139999,98.349998,93.454185,1384500
2016-06-16,97.480003,97.480003,96.250000,96.970001,92.142876,2692500
2016-06-17,96.980003,98.669998,96.580002,96.690002,91.876801,1582100
2016-06-20,98.260002,99.760002,98.220001,98.650002,93.739243,851800
2016-06-21,98.900002,99.230003,98.110001,98.470001,93.568214,878900
2016-06-22,98.800003,99.080002,98.199997,98.260002,93.368668,635100
2016-06-23,99.620003,101.699997,99.379997,101.699997,96.637413,718600
2016-06-24,96.839996,97.489998,93.570000,93.660004,88.997658,3749700
2016-06-27,93.660004,93.660004,87.300003,87.879997,83.505386,3520000
2016-06-28,89.269997,89.540001,88.190002,89.099998,84.664642,1714700
2016-06-29,90.000000,91.680000,89.309998,91.580002,87.021194,1399700
2016-06-30,91.940002,93.720001,91.320000,93.709999,89.045158,1656300
2016-07-01,93.500000,95.000000,93.360001,94.080002,89.396744,994300
2016-07-05,93.430000,93.610001,91.870003,92.580002,87.971397,947000
2016-07-06,92.250000,93.150002,90.980003,92.970001,88.341995,1300800
2016-07-07,93.330002,94.940002,93.330002,94.230003,89.539268,966900
2016-07-08,95.470001,97.050003,94.940002,96.730003,91.914825,1007400
2016-07-11,97.120003,98.260002,97.040001,97.849998,92.979057,778900
2016-07-12,98.199997,100.550003,97.980003,100.169998,95.183571,965900
2016-07-13,100.000000,101.849998,99.779999,101.720001,96.656425,1353600
2016-07-14,102.760002,103.790001,102.250000,103.010002,97.882210,1350000
2016-07-15,103.379997,103.910004,102.870003,103.339996,98.195778,793600
2016-07-18,103.400002,104.120003,102.980003,103.959999,98.784920,547000
2016-07-19,103.440002,103.989998,102.989998,103.589996,98.433327,702600
2016-07-20,104.000000,104.440002,103.120003,104.230003,99.041473,772300
2016-07-21,103.919998,104.419998,103.709999,104.309998,99.117493,1000900
2016-07-22,103.970001,105.500000,101.709999,105.290001,100.048698,1343000
2016-07-25,105.349998,105.910004,105.120003,105.699997,100.438309,911200
2016-07-26,105.699997,106.540001,104.790001,106.190002,100.903900,1359600
2016-07-27,106.260002,106.570000,105.010002,105.120003,99.887169,1114300
2016-07-28,104.449997,106.580002,104.449997,106.180000,100.894394,698800
2016-07-29,106.080002,106.580002,105.330002,106.010002,100.732872,775900
2016-08-01,106.139999,106.489998,104.879997,105.269997,100.029694,927200
2016-08-02,105.000000,105.300003,103.480003,104.190002,99.003487,1113700
2016-08-03,104.260002,104.680000,103.800003,104.589996,99.383553,684000
2016-08-04,104.709999,105.029999,103.690002,103.910004,98.737427,831700
2016-08-05,104.510002,105.129997,104.410004,105.050003,99.820648,989400
2016-08-08,104.760002,105.150002,104.330002,104.500000,99.298027,461500
2016-08-09,104.480003,105.029999,104.059998,104.239998,99.050980,438400
2016-08-10,104.500000,104.699997,103.449997,103.709999,98.547371,547600
2016-08-11,104.209999,105.000000,104.150002,104.510002,99.307541,605700
2016-08-12,103.900002,104.389999,102.870003,103.459999,98.309814,1233700
2016-08-15,103.919998,105.470001,103.900002,105.070000,99.839676,633400
2016-08-16,104.500000,104.580002,104.070000,104.110001,98.927444,467800
2016-08-17,104.120003,104.360001,103.599998,104.150002,98.965446,520800
2016-08-18,103.970001,104.260002,103.739998,104.230003,99.394600,388300
2016-08-19,103.690002,104.809998,103.610001,104.580002,99.728348,490500
2016-08-22,104.279999,104.800003,103.790001,104.500000,99.652061,414800
2016-08-23,105.059998,106.279999,105.059998,105.629997,100.729622,579200
2016-08-24,105.480003,106.150002,105.309998,105.559998,100.662880,592700
2016-08-25,105.209999,106.019997,104.889999,105.699997,100.796387,687900
2016-08-26,106.010002,106.860001,105.389999,106.220001,101.292274,518300
2016-08-29,106.360001,107.430000,106.360001,107.160004,102.188660,512100
2016-08-30,107.400002,108.699997,107.139999,108.239998,103.218552,757200
2016-08-31,108.169998,108.980003,107.440002,108.690002,103.647675,927300
2016-09-01,108.699997,108.980003,107.349998,108.550003,103.514175,668000
2016-09-02,109.139999,109.580002,108.809998,109.430000,104.353333,546800
2016-09-06,109.379997,110.339996,109.209999,110.089996,104.982712,898500
2016-09-07,109.680000,110.830002,109.589996,110.150002,105.039940,1418100
2016-09-08,110.099998,110.660004,109.519997,109.940002,104.839684,665600
2016-09-09,109.199997,109.540001,106.620003,106.620003,101.673729,918600
2016-09-12,105.669998,108.800003,105.410004,108.610001,103.571388,1061600
2016-09-13,107.190002,107.910004,106.500000,107.320000,102.341232,903000
2016-09-14,107.320000,108.110001,106.970001,107.320000,102.341232,563100
2016-09-15,106.980003,108.949997,106.779999,108.699997,103.657219,924600
2016-09-16,108.089996,108.690002,107.059998,108.480003,103.447411,1120700
2016-09-19,108.379997,109.849998,108.059998,108.480003,103.447411,570100
2016-09-20,109.290001,109.699997,107.680000,107.949997,102.941994,1074500
2016-09-21,108.949997,109.599998,107.959999,109.459999,104.381927,954600
2016-09-22,110.489998,110.529999,109.870003,110.160004,105.049477,634600
2016-09-23,109.779999,110.000000,109.180000,109.269997,104.200768,770900
2016-09-26,108.800003,109.830002,106.209999,108.989998,103.933762,877100
2016-09-27,108.639999,110.029999,108.389999,109.989998,104.887367,1054600
2016-09-28,110.099998,110.160004,108.239998,109.570000,104.486855,1040200
2016-09-29,109.529999,110.449997,107.459999,107.750000,102.751274,1475300
2016-09-30,108.370003,109.029999,108.089996,108.279999,103.256691,1672300
2016-10-03,107.919998,109.470001,107.300003,109.279999,104.210297,1455600
2016-10-04,109.660004,110.000000,107.919998,108.379997,103.352051,722300
2016-10-05,108.459999,109.500000,108.459999,108.489998,103.456970,718600
2016-10-06,108.239998,108.919998,107.699997,108.860001,103.809784,580100
2016-10-07,108.930000,108.949997,107.849998,108.260002,103.237633,514800
2016-10-10,109.330002,109.980003,109.050003,109.150002,104.086327,429400
2016-10-11,109.000000,109.000000,106.949997,107.580002,102.589157,632500
2016-10-12,107.699997,108.519997,107.510002,108.260002,103.237633,553300
2016-10-13,106.879997,107.250000,105.830002,106.610001,101.664154,938500
2016-10-14,107.839996,108.309998,106.959999,107.080002,102.112366,692500
2016-10-17,106.959999,107.379997,106.500000,106.699997,101.749985,657700
2016-10-18,107.870003,108.279999,106.959999,107.800003,102.798965,1252500
2016-10-19,108.209999,108.750000,107.540001,108.400002,103.371117,744100
2016-10-20,108.230003,108.989998,107.860001,108.089996,103.075493,1401100
2016-10-21,104.610001,105.809998,101.940002,102.239998,97.496910,3985100
2016-10-24,102.980003,103.510002,102.650002,102.839996,98.069054,1619000
2016-10-25,102.919998,103.580002,102.540001,102.769997,98.002319,1017100
2016-10-26,102.449997,103.169998,101.629997,102.129997,97.392006,1271800
2016-10-27,102.690002,103.190002,101.959999,102.160004,97.420624,1350400
2016-10-28,102.559998,102.870003,100.790001,101.169998,96.476555,816600
2016-10-31,101.349998,101.669998,100.410004,100.519997,95.856674,1216100
2016-11-01,101.019997,101.120003,98.620003,99.040001,94.445366,1467700
2016-11-02,99.040001,99.360001,97.849998,97.959999,93.415474,755200
2016-11-03,98.110001,98.820000,97.730003,98.059998,93.510811,1556100
2016-11-04,98.330002,98.669998,97.580002,97.610001,93.081696,1253600
2016-11-07,99.680000,100.000000,99.040001,99.580002,94.960312,888300
2016-11-08,99.550003,100.379997,98.870003,99.680000,95.055672,744500
2016-11-09,99.669998,101.449997,98.730003,100.669998,95.999733,1792700
2016-11-10,101.389999,102.660004,99.199997,100.269997,95.618294,1142800
2016-11-11,99.690002,100.650002,99.690002,100.440002,95.780411,818400
2016-11-14,100.919998,101.180000,99.559998,100.059998,95.418037,1220500
2016-11-15,99.730003,99.970001,98.529999,99.290001,94.683762,1013200
2016-11-16,98.650002,99.120003,98.099998,98.680000,94.102043,1137500
2016-11-17,98.449997,101.199997,98.320000,101.199997,96.868362,1307700
2016-11-18,100.970001,101.470001,99.750000,100.559998,96.255768,1029300
2016-11-21,100.900002,101.250000,100.629997,101.129997,96.801361,545100
2016-11-22,101.209999,101.820000,100.510002,101.660004,97.308685,673400
2016-11-23,101.230003,101.959999,100.360001,100.860001,96.542915,556200
2016-11-25,100.870003,101.570000,100.870003,101.019997,96.696060,307300
2016-11-28,100.489998,101.550003,100.349998,100.889999,96.571617,862700
2016-11-29,101.040001,101.500000,100.309998,101.089996,96.763054,714500
2016-11-30,101.650002,102.059998,100.459999,100.500000,96.198311,861800
2016-12-01,100.680000,101.129997,97.010002,97.250000,93.087425,1266200
2016-12-02,97.120003,97.980003,96.220001,97.620003,93.441597,1053700
2016-12-05,98.389999,98.750000,96.699997,96.830002,92.685394,1270200
2016-12-06,97.290001,97.449997,96.080002,96.910004,92.761971,1286900
2016-12-07,97.180000,98.440002,96.430000,97.900002,93.709618,2022200
2016-12-08,97.800003,98.620003,97.279999,98.070000,93.872337,1149500
2016-12-09,97.989998,100.190002,97.739998,99.769997,95.499565,956000
2016-12-12,99.309998,99.709999,98.099998,98.269997,94.063759,819100
2016-12-13,98.389999,99.730003,97.029999,99.500000,95.241135,675000
2016-12-14,99.190002,100.269997,97.250000,97.449997,93.278862,810800
2016-12-15,97.790001,98.510002,96.639999,96.760002,92.618401,1284200
2016-12-16,96.900002,97.260002,96.309998,96.470001,92.340805,1628900
2016-12-19,96.470001,97.029999,95.110001,95.919998,91.814354,1211700
2016-12-20,96.669998,96.959999,96.269997,96.750000,92.608833,635700
2016-12-21,96.570000,97.070000,96.129997,96.489998,92.359978,750500
2016-12-22,96.449997,96.669998,95.449997,95.860001,91.756927,854200
2016-12-23,95.839996,96.349998,95.370003,95.419998,91.335747,644100
2016-12-27,95.809998,95.940002,95.400002,95.699997,91.603760,369100
2016-12-28,95.750000,96.029999,94.650002,94.690002,90.637001,609300
2016-12-29,94.800003,95.110001,94.260002,94.290001,90.254135,536600
2016-12-30,94.639999,94.690002,93.849998,94.269997,90.234970,519500
2017-01-03,95.010002,96.629997,94.750000,95.470001,91.383629,1180900
2017-01-04,95.550003,97.239998,95.339996,97.089996,92.934265,859900
2017-01-05,96.800003,97.959999,96.699997,97.860001,93.671326,1274500
2017-01-06,98.019997,98.760002,97.959999,98.300003,94.092476,1065100
2017-01-09,97.970001,98.330002,96.820000,96.860001,92.714104,682000
2017-01-10,94.519997,95.500000,93.510002,94.669998,90.617859,1423000
2017-01-11,94.430000,95.379997,94.300003,95.019997,90.952873,1121400
2017-01-12,94.519997,97.190002,93.870003,96.500000,92.369530,1472600
2017-01-13,96.870003,98.019997,96.699997,96.959999,92.809830,847500
2017-01-17,97.099998,100.750000,96.980003,99.150002,94.906097,1928900
2017-01-18,99.629997,99.690002,97.889999,99.330002,95.078392,1242400
2017-01-19,99.059998,100.279999,99.059998,99.959999,95.681427,1755300
2017-01-20,100.419998,101.169998,100.129997,101.019997,96.696060,1491500
2017-01-23,100.769997,101.860001,100.660004,101.769997,97.413956,1322600
2017-01-24,101.930000,102.449997,101.260002,101.949997,97.586243,1039200
2017-01-25,102.790001,103.980003,102.260002,103.730003,99.290054,1333900
2017-01-26,103.620003,104.629997,103.620003,104.070000,99.615501,1355500
2017-01-27,104.120003,104.250000,103.559998,103.980003,99.529373,790200
2017-01-30,103.989998,103.989998,103.129997,103.760002,99.318779,1075200
2017-01-31,103.510002,103.790001,102.959999,103.669998,99.232635,1046700
2017-02-01,103.959999,104.129997,103.029999,103.550003,99.117775,1351600
2017-02-02,98.250000,104.580002,98.250000,104.419998,99.950516,798800
2017-02-03,104.989998,106.629997,104.919998,106.169998,101.625633,1061800
2017-02-06,105.550003,106.989998,105.550003,106.760002,102.190369,1033400
2017-02-07,107.860001,109.570000,106.919998,107.059998,102.477531,1847700
2017-02-08,107.150002,107.459999,106.480003,106.820000,102.247803,995400
2017-02-09,107.389999,107.650002,106.669998,107.580002,102.975266,782400
2017-02-10,107.500000,108.309998,107.269997,108.000000,103.377296,693200
2017-02-13,108.660004,109.169998,108.220001,109.029999,104.363228,580000
2017-02-14,108.239998,109.260002,108.120003,109.260002,104.583351,741300
2017-02-15,109.029999,110.040001,109.000000,109.849998,105.515083,661400
2017-02-16,109.930000,110.360001,109.269997,110.220001,105.870499,1031300
2017-02-17,109.639999,112.980003,109.550003,112.900002,108.444725,2024100
2017-02-21,112.139999,113.139999,111.589996,112.870003,108.415909,1870700
2017-02-22,112.430000,114.029999,112.430000,113.559998,109.078690,1477000
2017-02-23,113.739998,114.019997,112.660004,113.230003,108.761703,1117500
2017-02-24,112.769997,113.290001,111.150002,113.290001,108.819344,923800
2017-02-27,113.290001,113.290001,110.769997,112.050003,107.628265,1958400
2017-02-28,111.910004,112.309998,111.019997,111.370003,106.975105,1387400
2017-03-01,112.650002,113.510002,112.309998,113.199997,108.732872,1208100
2017-03-02,112.599998,112.779999,111.930000,112.470001,108.031693,870400
2017-03-03,112.470001,112.889999,112.160004,112.620003,108.175774,814900
2017-03-06,111.779999,112.709999,111.620003,112.269997,107.839584,733200
2017-03-07,111.879997,113.000000,111.879997,112.660004,108.214211,737700
2017-03-08,112.760002,113.150002,112.330002,112.680000,108.233391,938200
2017-03-09,112.989998,113.000000,112.129997,112.480003,108.041306,865000
2017-03-10,112.820000,112.940002,111.830002,111.930000,107.513016,1010900
2017-03-13,112.070000,112.500000,111.449997,112.150002,107.724319,961800
2017-03-14,112.000000,112.339996,111.430000,112.110001,107.685890,605900
2017-03-15,112.709999,113.300003,111.959999,112.889999,108.435120,846800
2017-03-16,113.010002,113.800003,112.949997,113.540001,109.059456,765200
2017-03-17,113.610001,113.750000,111.919998,111.940002,107.522621,967000
2017-03-20,111.900002,113.059998,111.660004,112.260002,107.829987,647200
2017-03-21,112.849998,113.110001,110.559998,110.879997,106.504448,838500
2017-03-22,110.839996,111.230003,110.110001,111.129997,106.744568,1059000
2017-03-23,111.169998,112.949997,111.040001,112.169998,107.743530,972400
2017-03-24,112.430000,113.480003,112.059998,112.470001,108.031693,907200
2017-03-27,111.059998,112.120003,110.809998,111.410004,107.013527,654600
2017-03-28,111.300003,111.739998,110.879997,111.260002,106.869453,915900
2017-03-29,110.910004,111.699997,110.279999,111.449997,107.051949,1067900
2017-03-30,111.389999,111.919998,110.839996,111.620003,107.215240,857600
2017-03-31,111.160004,112.699997,110.930000,112.040001,107.618668,888700
2017-04-03,112.139999,113.169998,110.930000,111.900002,107.484177,1030900
2017-04-04,111.519997,111.750000,110.820000,111.379997,106.984711,659600
2017-04-05,111.949997,114.070000,111.500000,113.070000,108.608002,1514900
2017-04-06,112.919998,113.680000,111.989998,113.339996,108.867355,936500
2017-04-07,112.900002,113.980003,112.900002,113.279999,108.809731,873000
2017-04-10,113.290001,113.489998,112.580002,112.940002,108.483154,589500
2017-04-11,112.550003,113.389999,112.470001,113.379997,108.905785,672600
2017-04-12,112.639999,113.339996,111.940002,112.980003,108.521584,748700
2017-04-13,112.699997,113.550003,112.410004,112.430000,107.993286,515000
2017-04-17,113.139999,114.419998,112.849998,114.269997,109.760651,709500
2017-04-18,113.870003,114.750000,113.290001,114.139999,109.635780,677700
2017-04-19,114.430000,114.900002,114.150002,114.379997,109.866318,556500
2017-04-20,114.709999,115.910004,114.470001,115.360001,110.807655,563600
2017-04-21,115.389999,115.820000,114.279999,115.019997,110.481064,682100
2017-04-24,116.610001,118.120003,116.449997,117.699997,113.055283,1097000
2017-04-25,116.760002,118.879997,116.570000,118.070000,113.410683,823500
2017-04-26,117.970001,119.089996,117.970001,118.750000,114.063881,567500
2017-04-27,119.000000,119.669998,118.820000,119.430000,114.717049,416900
2017-04-28,119.260002,119.330002,118.220001,118.320000,113.650841,669000
2017-05-01,118.309998,119.169998,117.540001,117.900002,113.247414,802200
2017-05-02,118.029999,119.279999,117.800003,118.849998,114.159920,872300
2017-05-03,118.739998,118.830002,118.040001,118.650002,113.967812,614500
2017-05-04,118.790001,119.870003,118.500000,119.400002,114.688240,1205100
2017-05-05,119.889999,119.989998,116.540001,118.230003,113.564384,1168400
2017-05-08,118.019997,118.089996,116.309998,116.680000,112.075562,762000
2017-05-09,116.750000,117.410004,116.519997,116.709999,112.104370,730100
2017-05-10,116.459999,117.519997,115.529999,116.610001,112.008301,594200
2017-05-11,116.220001,116.589996,114.620003,115.570000,111.009346,786800
2017-05-12,115.480003,115.989998,114.239998,114.769997,110.240913,773600
2017-05-15,114.500000,116.870003,113.959999,116.110001,111.528046,1168800
2017-05-16,116.110001,116.339996,114.809998,115.230003,110.682785,981600
2017-05-17,115.230003,115.230003,112.550003,112.949997,108.492744,1178200
2017-05-18,112.959999,113.980003,112.800003,113.389999,109.283051,909600
2017-05-19,113.620003,115.150002,113.349998,114.750000,110.593796,739300
2017-05-22,114.980003,115.580002,114.699997,114.970001,110.805840,541900
2017-05-23,115.010002,115.190002,114.480003,114.889999,110.728714,386700
2017-05-24,115.070000,115.769997,114.889999,115.050003,110.882919,762600
2017-05-25,115.650002,116.910004,115.300003,116.540001,112.318970,590500
2017-05-26,116.540001,117.230003,116.250000,117.110001,112.868301,448600
2017-05-30,116.900002,117.459999,116.519997,116.760002,112.530998,565500
2017-05-31,117.000000,118.510002,116.300003,118.449997,114.159790,1040000
2017-06-01,118.570000,119.000000,117.430000,119.000000,114.689842,698000
2017-06-02,119.050003,119.440002,118.209999,118.820000,114.516373,595300
2017-06-05,118.919998,119.449997,118.620003,118.860001,114.554924,509600
2017-06-06,118.339996,118.370003,117.400002,117.769997,113.504425,712900
2017-06-07,117.980003,118.110001,117.080002,117.669998,113.408035,676500
2017-06-08,117.669998,118.040001,117.220001,117.379997,113.128525,750100
2017-06-09,117.610001,118.089996,116.070000,116.820000,112.588821,545800
2017-06-12,116.550003,117.220001,115.589996,117.190002,112.945412,588600
2017-06-13,117.199997,119.199997,117.040001,118.919998,114.612755,701600
2017-06-14,118.739998,120.820000,118.730003,120.010002,115.663277,736900
2017-06-15,119.489998,121.120003,119.220001,121.080002,116.694527,517700
2017-06-16,121.320000,122.540001,121.139999,122.250000,117.822151,1160000
2017-06-19,122.320000,122.989998,121.260002,122.180000,117.754692,863400
2017-06-20,122.120003,122.500000,121.190002,121.190002,116.800552,547800
2017-06-21,121.250000,121.250000,118.599998,118.940002,114.632034,892900
2017-06-22,118.769997,119.440002,118.330002,118.720001,114.419998,722100
2017-06-23,118.739998,120.669998,118.620003,120.059998,115.711456,1298400
2017-06-26,120.889999,121.519997,120.440002,120.620003,116.251183,609500
2017-06-27,120.589996,121.260002,119.779999,120.419998,116.058426,548300
2017-06-28,121.250000,122.489998,120.440002,122.220001,117.793251,579400
2017-06-29,122.550003,122.699997,120.900002,121.370003,116.974045,786700
2017-06-30,121.639999,122.199997,121.290001,121.680000,117.272797,628600
2017-07-03,122.070000,122.849998,121.660004,122.019997,117.600487,399200
2017-07-05,122.250000,124.400002,121.529999,123.980003,119.489494,819900
2017-07-06,123.489998,123.650002,122.050003,122.169998,117.745049,714800
2017-07-07,122.510002,123.680000,122.269997,123.419998,118.949776,598500
2017-07-10,123.089996,123.440002,122.529999,123.029999,118.573891,515700
2017-07-11,123.180000,123.459999,122.059998,122.610001,118.169113,586800
2017-07-12,123.180000,124.720001,123.120003,124.279999,119.778618,480800
2017-07-13,124.510002,124.849998,123.089996,124.680000,120.164139,820500
2017-07-14,124.519997,125.589996,123.940002,125.099998,120.568932,403000
2017-07-17,124.800003,125.580002,124.389999,125.370003,120.829140,492900
2017-07-18,124.900002,125.989998,124.620003,125.849998,121.291748,663100
2017-07-19,126.059998,126.629997,125.070000,126.599998,122.014587,845600
2017-07-20,126.610001,127.650002,126.070000,127.169998,122.563950,1248500
2017-07-21,130.500000,133.619995,130.149994,132.570007,127.768364,2559400
2017-07-24,133.149994,135.199997,133.029999,133.570007,128.732147,1630700
2017-07-25,134.710007,134.889999,132.330002,132.750000,127.941833,1016500
2017-07-26,132.789993,133.839996,132.740005,133.279999,128.452637,661400
2017-07-27,133.589996,133.589996,130.630005,131.889999,127.112968,799300
2017-07-28,131.889999,132.449997,131.199997,132.210007,127.421432,677400
2017-07-31,132.720001,132.880005,131.440002,131.630005,126.862404,894200
2017-08-01,131.759995,132.509995,131.470001,131.589996,126.823860,1082600
2017-08-02,131.309998,131.479996,128.509995,129.369995,124.684273,1200800
2017-08-03,129.460007,129.729996,128.070007,128.720001,124.057816,1273300
2017-08-04,129.110001,129.589996,128.300003,129.289993,124.607155,878000
2017-08-07,129.740005,129.770004,128.589996,129.070007,124.395119,772800
2017-08-08,128.660004,128.880005,127.349998,127.699997,123.074745,817400
2017-08-09,127.050003,128.059998,126.279999,128.020004,123.383171,1401100
2017-08-10,127.480003,128.860001,126.860001,126.910004,122.313370,719700
2017-08-11,127.480003,129.000000,127.430000,127.760002,123.132576,1159500
2017-08-14,128.649994,130.750000,128.169998,130.529999,125.802246,1214500
2017-08-15,130.929993,132.369995,130.639999,132.199997,127.411728,827100
2017-08-16,132.529999,133.160004,131.690002,132.089996,127.305756,732000
2017-08-17,131.220001,132.779999,130.179993,130.220001,125.503487,971900
2017-08-18,130.089996,130.860001,129.029999,130.490005,126.131752,1479100
2017-08-21,130.470001,131.309998,130.009995,130.809998,126.441078,655000
2017-08-22,131.119995,132.850006,131.119995,132.580002,128.151978,555200
2017-08-23,131.929993,132.380005,131.309998,132.020004,127.610657,422700
2017-08-24,132.529999,132.970001,131.470001,132.199997,127.784630,430600
2017-08-25,132.830002,133.110001,132.240005,132.389999,127.968330,597500
2017-08-28,132.500000,132.740005,132.000000,132.679993,128.248627,410800
2017-08-29,131.990005,133.240005,131.669998,133.029999,128.586945,455100
2017-08-30,132.970001,134.449997,132.410004,134.440002,129.949844,467400
2017-08-31,134.729996,135.039993,133.580002,134.029999,129.553528,1020000
2017-09-01,134.639999,134.679993,133.429993,133.759995,129.292526,672600
2017-09-05,133.100006,133.589996,132.279999,133.059998,128.615952,879200
2017-09-06,133.800003,134.740005,133.330002,134.240005,129.756516,750200
2017-09-07,134.190002,134.529999,133.729996,134.220001,129.737183,492600
2017-09-08,134.250000,135.759995,133.850006,135.350006,130.829437,427300
2017-09-11,136.479996,136.789993,135.350006,135.720001,131.187088,1097800
2017-09-12,135.949997,136.190002,134.820007,136.160004,131.612396,388900
2017-09-13,136.190002,136.509995,135.210007,135.369995,130.848785,488900
2017-09-14,135.169998,135.839996,134.419998,134.960007,130.452469,523300
2017-09-15,135.009995,136.820007,134.940002,136.330002,131.776703,936900
2017-09-18,136.419998,136.990005,136.039993,136.759995,132.192337,523800
2017-09-19,137.169998,137.229996,136.520004,136.740005,132.173035,480700
2017-09-20,136.800003,137.320007,135.710007,136.770004,132.202011,633700
2017-09-21,136.610001,136.929993,135.820007,136.649994,132.085999,421200
2017-09-22,136.809998,138.279999,136.809998,138.029999,133.419937,704300
2017-09-25,138.199997,139.029999,136.820007,138.779999,134.144882,1075600
2017-09-26,138.740005,138.929993,137.770004,138.350006,133.729279,556200
2017-09-27,139.119995,139.940002,138.350006,138.710007,134.077225,581600
2017-09-28,138.500000,138.639999,137.679993,138.610001,133.980591,459800
2017-09-29,138.410004,139.300003,138.050003,139.210007,134.560516,623700
2017-10-02,139.520004,140.270004,139.330002,140.210007,135.527145,868200
2017-10-03,140.009995,141.279999,139.500000,141.000000,136.290726,554800
2017-10-04,141.000000,141.750000,140.660004,141.710007,136.977020,634200
2017-10-05,141.880005,142.679993,141.350006,142.100006,137.354019,607600
2017-10-06,142.429993,143.979996,142.160004,142.490005,137.730972,819800
2017-10-09,142.440002,142.830002,141.460007,141.949997,137.209030,547600
2017-10-10,142.270004,142.630005,141.639999,142.139999,137.392670,562200
2017-10-11,142.220001,142.800003,141.830002,142.550003,137.788940,536400
2017-10-12,142.339996,143.929993,142.029999,143.929993,139.122879,739700
2017-10-13,144.059998,144.809998,143.779999,144.240005,139.422531,703900
2017-10-16,144.300003,144.839996,143.770004,144.750000,139.915482,492400
2017-10-17,144.830002,144.839996,143.350006,144.130005,139.316193,503200
2017-10-18,144.440002,145.830002,144.190002,145.199997,140.350464,619000
2017-10-19,144.759995,145.100006,143.220001,144.190002,139.374191,515200
2017-10-20,144.990005,145.690002,144.210007,145.660004,140.795105,476400
2017-10-23,145.619995,146.220001,145.279999,146.059998,141.181732,597300
2017-10-24,146.070007,147.690002,145.199997,147.000000,142.090363,714600
2017-10-25,146.979996,147.270004,144.449997,145.580002,140.717804,938300
2017-10-26,146.490005,148.000000,146.460007,147.380005,142.457672,912900
2017-10-27,147.979996,147.979996,145.960007,146.399994,141.510376,863600
2017-10-30,145.850006,145.880005,141.369995,142.979996,138.204590,808800
2017-10-31,142.990005,143.410004,141.589996,142.410004,137.653641,985900
2017-11-01,143.789993,144.270004,142.500000,143.490005,138.697571,543300
2017-11-02,143.210007,144.029999,142.149994,143.529999,138.736252,823700
2017-11-03,144.389999,147.679993,140.149994,146.289993,141.404053,1953500
2017-11-06,146.449997,146.630005,144.300003,144.509995,139.683487,851700
2017-11-07,144.679993,145.669998,143.179993,143.770004,138.968246,549200
2017-11-08,143.639999,144.979996,143.169998,144.929993,140.089493,552400
2017-11-09,144.470001,144.770004,141.899994,143.089996,138.310944,572600
2017-11-10,142.649994,143.380005,141.679993,142.190002,137.440979,546400
2017-11-13,141.539993,142.619995,141.089996,142.149994,137.402328,492300
2017-11-14,141.759995,143.889999,141.309998,143.139999,138.359268,424900
2017-11-15,142.610001,143.119995,141.490005,141.960007,137.218689,619300
2017-11-16,142.750000,144.979996,142.750000,144.089996,139.277542,789100
2017-11-17,144.669998,147.330002,143.610001,146.789993,141.887390,941900
2017-11-20,146.860001,148.550003,146.710007,148.309998,143.728653,831700
2017-11-21,149.000000,149.630005,148.770004,149.460007,144.843155,804900
2017-11-22,149.399994,149.889999,148.500000,149.399994,144.785019,685000
2017-11-24,149.350006,150.729996,149.350006,150.229996,145.589386,291000
2017-11-27,150.240005,151.410004,149.720001,149.869995,145.240463,609100
2017-11-28,150.440002,151.080002,149.309998,150.880005,146.219284,1098300
2017-11-29,151.580002,153.419998,149.410004,149.839996,145.211411,626500
2017-11-30,150.710007,152.080002,148.309998,151.820007,147.130264,1178200
2017-12-01,151.820007,151.830002,147.809998,151.300003,146.626328,769700
2017-12-04,153.309998,153.860001,151.410004,151.750000,147.062408,740100
2017-12-05,152.339996,153.660004,151.500000,152.080002,147.382217,724600
2017-12-06,152.080002,152.429993,150.880005,152.270004,147.566360,605800
2017-12-07,152.050003,152.949997,151.600006,151.729996,147.043015,801900
2017-12-08,152.250000,152.839996,151.309998,152.389999,147.682648,519100
2017-12-11,152.190002,153.270004,151.669998,152.389999,147.682648,869900
2017-12-12,152.559998,153.550003,151.979996,152.570007,147.857086,438400
2017-12-13,152.729996,152.919998,150.130005,150.169998,145.531219,825300
2017-12-14,150.229996,150.789993,149.470001,149.500000,144.881927,573500
2017-12-15,150.679993,151.220001,149.770004,150.570007,145.918900,1559200
2017-12-18,151.389999,151.839996,149.830002,150.470001,145.821945,1034900
2017-12-19,150.970001,151.660004,149.869995,150.149994,145.511841,707700
2017-12-20,150.190002,150.500000,148.130005,148.470001,143.883743,626000
2017-12-21,148.839996,149.149994,147.369995,147.479996,142.924316,504900
2017-12-22,148.000000,148.000000,146.429993,146.990005,142.449432,479400
2017-12-26,146.619995,146.940002,145.300003,145.869995,141.364029,485300
2017-12-27,146.220001,147.330002,145.119995,146.630005,142.100586,536700
2017-12-28,146.940002,148.039993,146.320007,147.820007,143.253815,479700
2017-12-29,147.929993,148.990005,147.610001,147.610001,143.050293,410900
2018-01-02,147.960007,148.339996,145.660004,146.130005,141.615997,571600
2018-01-03,145.550003,148.960007,145.500000,148.860001,144.261688,1007600
2018-01-04,149.250000,152.759995,149.250000,151.600006,146.917084,778200
2018-01-05,151.970001,154.279999,151.699997,154.119995,149.359192,1275200
2018-01-08,154.389999,155.440002,153.779999,155.070007,150.279877,566200
2018-01-09,155.199997,156.320007,154.970001,156.119995,151.297394,626200
2018-01-10,156.130005,156.429993,154.350006,154.809998,150.027878,627000
2018-01-11,155.570007,155.789993,154.600006,155.720001,150.909790,521800
2018-01-12,156.559998,157.559998,155.720001,157.250000,152.392471,564900
2018-01-16,157.809998,158.509995,154.960007,155.529999,150.725616,588700
2018-01-17,156.910004,158.039993,155.809998,157.410004,152.547577,680800
2018-01-18,156.869995,157.919998,156.360001,157.580002,152.712326,780700
2018-01-19,158.289993,160.130005,157.850006,159.179993,154.262909,786800
2018-01-22,159.589996,160.479996,157.199997,160.470001,155.513046,491100
2018-01-23,160.220001,161.110001,159.059998,160.839996,155.871613,518400
2018-01-24,161.520004,163.419998,161.139999,162.190002,157.179932,509000
2018-01-25,162.830002,163.699997,162.100006,162.789993,157.761383,470200
2018-01-26,163.720001,167.229996,163.070007,167.229996,162.064209,838700
2018-01-29,166.139999,166.639999,161.720001,161.750000,156.753525,964200
2018-01-30,161.050003,162.699997,160.130005,161.630005,156.637207,778900
2018-01-31,161.619995,162.770004,160.630005,161.789993,156.792267,668000
2018-02-01,161.669998,164.100006,160.820007,163.570007,158.517288,576600
2018-02-02,162.080002,162.839996,158.240005,158.610001,153.710495,786700
2018-02-05,157.869995,158.710007,151.080002,151.309998,146.636002,1363100
2018-02-06,150.869995,157.970001,147.339996,157.940002,153.061203,1982000
2018-02-07,157.020004,161.250000,156.429993,157.979996,153.099976,1034000
2018-02-08,157.949997,160.119995,151.850006,152.139999,147.440399,1665200
2018-02-09,154.669998,158.550003,149.289993,154.639999,149.863098,2309600
2018-02-12,156.800003,161.380005,155.720001,159.279999,154.359787,1214600
2018-02-13,157.669998,161.770004,156.720001,161.600006,156.608139,754000
2018-02-14,160.940002,164.220001,159.800003,163.550003,158.497925,1356900
2018-02-15,165.050003,166.990005,163.250000,166.990005,161.831635,934100
2018-02-16,166.259995,169.059998,165.929993,168.210007,163.444626,765600
2018-02-20,167.440002,169.509995,166.350006,168.130005,163.366898,661000
2018-02-21,168.059998,170.619995,166.869995,166.990005,162.259171,804100
2018-02-22,167.880005,168.750000,166.339996,167.169998,162.434067,593900
2018-02-23,167.220001,169.300003,166.369995,169.300003,164.503754,669000
2018-02-26,170.399994,170.800003,168.619995,170.199997,165.378265,739500
2018-02-27,169.899994,171.649994,168.369995,168.369995,163.600067,742300
2018-02-28,169.399994,171.070007,166.860001,166.880005,162.152298,1068000
2018-03-01,166.720001,168.830002,164.800003,166.520004,161.802505,836700
2018-03-02,164.589996,167.210007,162.940002,166.940002,162.210587,780900
2018-03-05,161.750000,168.309998,160.789993,167.500000,162.754715,880300
2018-03-06,168.000000,168.500000,164.240005,166.059998,161.355530,1095100
2018-03-07,164.000000,167.350006,163.809998,166.759995,162.035690,773300
2018-03-08,167.149994,168.789993,166.710007,168.369995,163.600067,757100
2018-03-09,169.770004,171.679993,168.169998,170.050003,165.232483,826000
2018-03-12,170.009995,170.800003,168.889999,169.860001,165.047852,636600
2018-03-13,170.729996,171.050003,168.690002,169.080002,164.289978,551900
2018-03-14,169.470001,169.470001,166.160004,166.690002,161.967667,689800
2018-03-15,167.149994,167.479996,165.429993,166.479996,161.763626,574700
2018-03-16,166.619995,168.309998,165.539993,167.300003,162.560379,907600
2018-03-19,167.000000,167.660004,164.279999,165.389999,160.704514,494300
2018-03-20,166.020004,168.380005,165.300003,167.460007,162.715881,463500
2018-03-21,167.720001,169.429993,167.149994,167.210007,162.472946,535100
2018-03-22,165.589996,166.309998,160.699997,160.910004,156.351410,770100
2018-03-23,161.160004,162.070007,158.389999,158.419998,153.931946,990300
2018-03-26,161.539993,163.639999,159.910004,163.300003,158.673721,552400
2018-03-27,164.130005,164.130005,158.429993,159.539993,155.020218,789100
2018-03-28,159.940002,160.740005,156.320007,158.940002,154.437241,784100
2018-03-29,159.800003,162.479996,158.490005,161.300003,156.730377,856900
2018-04-02,160.960007,161.250000,156.240005,158.660004,154.165192,969700
2018-04-03,159.880005,161.080002,158.110001,160.869995,156.312576,862300
2018-04-04,159.009995,162.740005,157.770004,162.259995,157.663193,722900
2018-04-05,163.220001,163.220001,161.339996,162.229996,157.634048,437700
2018-04-06,160.279999,161.750000,157.229996,158.990005,154.485809,684300
2018-04-09,160.410004,162.669998,159.289993,159.460007,154.942490,501800
2018-04-10,161.820007,163.850006,160.429993,162.639999,158.032425,681600
2018-04-11,161.410004,163.149994,160.149994,162.399994,157.799210,671400
2018-04-12,164.029999,165.279999,162.979996,163.949997,159.305298,599100
2018-04-13,164.029999,165.399994,161.830002,162.889999,158.275330,420600
2018-04-16,164.539993,165.309998,163.050003,164.380005,159.723099,466300
2018-04-17,165.320007,166.500000,164.600006,165.940002,161.238922,674600
2018-04-18,166.199997,166.889999,165.029999,166.470001,161.753906,516100
2018-04-19,166.000000,166.199997,164.509995,165.720001,161.025162,596200
2018-04-20,165.610001,166.630005,163.360001,164.020004,159.373337,671100
2018-04-23,164.000000,164.320007,161.860001,162.479996,157.876953,671200
2018-04-24,163.169998,163.619995,159.119995,160.460007,155.914169,817100
2018-04-25,161.000000,163.369995,159.679993,162.539993,157.935211,1049500
2018-04-26,163.089996,165.779999,161.220001,164.679993,160.014618,1904000
2018-04-27,164.899994,164.899994,162.460007,163.029999,158.411362,1318400
2018-04-30,164.020004,164.800003,162.179993,162.199997,157.604858,742800
2018-05-01,161.479996,164.389999,160.770004,164.160004,159.509354,804500
2018-05-02,163.589996,164.360001,162.389999,162.710007,158.100418,787200
2018-05-03,162.240005,163.559998,160.479996,163.119995,158.498795,781500
2018-05-04,162.330002,167.399994,161.289993,166.309998,161.598434,621100
2018-05-07,166.619995,168.119995,166.059998,167.389999,162.647842,450000
2018-05-08,166.889999,168.160004,166.149994,167.889999,163.133667,579200
2018-05-09,168.190002,171.059998,167.179993,170.550003,165.718323,585000
2018-05-10,170.720001,174.130005,170.360001,173.779999,168.856827,752600
2018-05-11,173.649994,174.750000,172.860001,174.050003,169.119171,871900
2018-05-14,174.600006,174.800003,171.039993,172.000000,167.127228,617800
2018-05-15,171.210007,171.610001,169.850006,170.889999,166.048721,540500
2018-05-16,171.169998,173.070007,170.729996,172.240005,167.360443,742000
2018-05-17,172.149994,172.660004,170.570007,171.539993,166.680252,463700
2018-05-18,171.300003,172.869995,171.070007,172.520004,168.063568,694000
2018-05-21,173.360001,175.580002,173.350006,175.089996,170.567215,1059200
2018-05-22,175.210007,175.600006,173.630005,174.360001,169.856049,773400
2018-05-23,173.119995,174.070007,171.979996,174.050003,169.554077,824400
2018-05-24,173.850006,174.410004,171.440002,173.949997,169.456650,705600
2018-05-25,173.460007,174.309998,172.550003,174.029999,169.534607,531300
2018-05-29,172.479996,173.309998,169.039993,170.809998,166.397766,898100
2018-05-30,172.050003,173.639999,170.880005,173.419998,168.940369,740000
2018-05-31,173.419998,173.720001,170.490005,170.570007,166.163971,1027700
2018-06-01,172.440002,173.710007,172.020004,172.960007,168.492249,588700
2018-06-04,173.839996,175.240005,172.919998,175.229996,170.703613,532000
2018-06-05,175.270004,176.669998,175.009995,176.220001,171.668015,671500
2018-06-06,176.720001,178.320007,176.110001,178.309998,173.704056,528400
2018-06-07,178.619995,178.720001,176.419998,177.759995,173.168243,616300
2018-06-08,177.759995,179.289993,177.389999,179.210007,174.580780,477700
2018-06-11,179.100006,179.839996,177.410004,177.820007,173.226700,592000
2018-06-12,177.350006,178.179993,176.199997,178.050003,173.450760,535400
2018-06-13,178.320007,179.000000,176.820007,176.869995,172.301239,560200
2018-06-14,177.919998,178.500000,175.440002,175.929993,171.385498,740500
2018-06-15,175.580002,176.990005,174.679993,176.800003,172.233032,947800
2018-06-18,175.830002,175.830002,174.720001,175.160004,170.635406,839600
2018-06-19,173.350006,174.100006,172.509995,173.229996,168.755264,822400
2018-06-20,174.000000,174.850006,173.250000,173.470001,168.989044,683500
2018-06-21,173.699997,173.899994,172.190002,172.429993,167.975906,515100
2018-06-22,173.429993,173.610001,172.179993,172.410004,167.956421,752100
2018-06-25,171.669998,172.169998,168.449997,169.600006,165.219055,793600
2018-06-26,169.869995,171.880005,169.210007,169.470001,165.092392,596900
2018-06-27,169.770004,170.550003,168.440002,168.470001,164.118225,665900
2018-06-28,168.470001,171.149994,168.389999,170.580002,166.173752,711100
2018-06-29,171.520004,172.100006,170.529999,170.559998,166.154205,888900
2018-07-02,169.710007,171.199997,169.309998,170.970001,166.553619,1040100
2018-07-03,171.839996,172.100006,169.619995,169.759995,165.374878,437100
2018-07-05,170.500000,172.089996,169.509995,171.059998,166.641296,681700
2018-07-06,171.270004,175.050003,171.130005,172.809998,168.346100,682500
2018-07-09,173.399994,175.589996,173.369995,175.449997,170.917892,639200
2018-07-10,175.350006,176.929993,174.880005,176.690002,172.125870,768700
2018-07-11,175.970001,178.490005,174.500000,178.029999,173.431274,770600
2018-07-12,178.979996,181.800003,177.839996,181.509995,176.821381,1181000
2018-07-13,181.639999,182.309998,180.619995,181.960007,177.259796,604300
2018-07-16,182.020004,183.080002,181.720001,182.320007,177.610474,509500
2018-07-17,181.800003,182.919998,180.720001,182.690002,177.970886,534500
2018-07-18,183.080002,184.960007,183.059998,184.490005,179.724396,787400
2018-07-19,183.580002,184.360001,182.029999,182.350006,177.639709,541900
2018-07-20,182.229996,185.649994,182.229996,185.419998,180.630386,679000
2018-07-23,185.619995,187.550003,185.199997,186.119995,181.312302,642700
2018-07-24,186.500000,186.919998,185.240005,185.630005,180.834961,554600
2018-07-25,185.539993,187.110001,185.020004,187.020004,182.189056,657300
2018-07-26,187.619995,187.979996,184.660004,185.720001,180.922638,787900
2018-07-27,182.000000,183.820007,176.119995,176.600006,172.038208,2120000
2018-07-30,176.380005,176.380005,169.869995,170.809998,166.397766,1692100
2018-07-31,171.490005,171.639999,168.300003,171.119995,166.699753,1527700
2018-08-01,171.179993,173.869995,170.690002,171.149994,166.728973,888200
2018-08-02,169.729996,172.330002,169.550003,171.889999,167.449875,884200
2018-08-03,173.000000,173.520004,171.360001,172.679993,168.219452,854200
2018-08-06,172.089996,172.550003,171.479996,171.570007,167.138153,741400
2018-08-07,172.089996,174.139999,171.649994,173.250000,168.774734,740300
2018-08-08,173.139999,173.630005,172.270004,172.600006,168.141525,371800
2018-08-09,173.419998,173.610001,171.820007,172.039993,167.596008,651300
2018-08-10,170.970001,171.880005,169.589996,170.990005,166.573135,751300
2018-08-13,171.119995,171.850006,169.309998,169.369995,164.994965,675400
2018-08-14,169.979996,171.300003,169.839996,170.919998,166.504929,494700
2018-08-15,170.000000,170.539993,168.639999,169.470001,165.092392,571700
2018-08-16,170.529999,172.470001,170.380005,171.570007,167.138153,804700
2018-08-17,171.699997,172.410004,170.839996,171.500000,167.499496,593000
2018-08-20,171.750000,172.479996,170.770004,171.220001,167.226044,596300
2018-08-21,171.199997,172.440002,171.169998,171.910004,167.899963,1253100
2018-08-22,171.600006,172.820007,171.240005,171.820007,167.812042,772600
2018-08-23,171.929993,172.520004,171.130005,171.309998,167.313919,541600
2018-08-24,172.229996,173.669998,171.679993,173.199997,169.159836,451100
2018-08-27,173.199997,175.509995,173.130005,175.389999,171.298767,727000
2018-08-28,175.860001,177.759995,175.860001,176.270004,172.158249,827900
2018-08-29,176.080002,176.649994,175.210007,176.320007,172.207077,723400
2018-08-30,176.220001,177.229996,175.970001,176.750000,172.627045,718800
2018-08-31,176.029999,178.240005,176.029999,178.020004,173.867462,592500
2018-09-04,177.910004,178.619995,177.240005,178.130005,173.974884,861900
2018-09-05,177.970001,178.570007,175.279999,176.100006,171.992218,713500
2018-09-06,176.410004,177.160004,176.100006,176.649994,172.529373,501700
2018-09-07,176.250000,178.639999,176.250000,176.800003,172.675873,785600
2018-09-10,178.050003,178.970001,176.820007,177.160004,173.027466,477300
2018-09-11,176.589996,178.169998,176.029999,177.720001,173.574387,783900
2018-09-12,177.910004,179.429993,177.009995,178.899994,174.726898,548100
2018-09-13,178.800003,179.800003,178.270004,179.259995,175.078476,418300
2018-09-14,179.839996,181.690002,177.509995,181.550003,177.315063,535300
2018-09-17,181.869995,181.970001,176.589996,176.910004,172.783310,988200
2018-09-18,177.080002,178.300003,176.679993,177.850006,173.701370,887800
2018-09-19,177.910004,178.350006,176.759995,177.800003,173.652557,691600
2018-09-20,178.869995,179.259995,176.899994,178.750000,174.580383,719900
2018-09-21,178.440002,178.490005,173.570007,174.589996,170.517441,2384500
2018-09-24,173.800003,175.860001,172.779999,175.550003,171.455032,804600
2018-09-25,175.539993,175.910004,172.229996,172.910004,168.876617,831000
2018-09-26,173.100006,174.509995,172.320007,172.809998,168.778946,677500
2018-09-27,173.360001,174.889999,173.009995,173.460007,169.413788,526600
2018-09-28,172.259995,173.380005,167.089996,167.199997,163.299789,1366900
2018-10-01,168.119995,169.919998,167.960007,169.559998,165.604767,745900
2018-10-02,167.279999,168.529999,166.559998,166.580002,162.694275,779100
2018-10-03,167.779999,168.470001,166.169998,166.240005,162.362213,747200
2018-10-04,166.000000,166.179993,161.509995,163.039993,159.236862,1340900
2018-10-05,162.740005,163.339996,159.839996,161.360001,157.596039,1124700
2018-10-08,160.479996,161.800003,159.110001,161.649994,157.879257,1185400
2018-10-09,161.229996,162.639999,159.070007,161.649994,157.879257,780700
2018-10-10,161.190002,162.449997,155.880005,156.039993,152.400131,1314900
2018-10-11,155.199997,158.339996,152.600006,153.309998,149.733826,1582000
2018-10-12,156.630005,158.720001,154.059998,155.929993,152.292694,1643700
2018-10-15,155.539993,157.529999,154.800003,156.460007,152.810318,1680700
2018-10-16,158.089996,159.970001,157.160004,159.690002,155.964996,888400
2018-10-17,159.070007,162.389999,158.279999,161.830002,158.055054,928900
2018-10-18,161.669998,162.350006,157.320007,158.270004,154.578110,1285900
2018-10-19,158.830002,161.220001,158.600006,159.770004,156.043137,1098500
2018-10-22,160.869995,161.600006,159.110001,159.440002,155.720840,782000
2018-10-23,156.589996,158.000000,154.279999,157.229996,153.562363,978600
2018-10-24,157.639999,159.000000,153.740005,154.020004,150.427277,1007700
2018-10-25,153.630005,156.690002,151.300003,155.070007,151.452789,1885500
2018-10-26,148.000000,148.000000,140.839996,141.630005,138.326263,4445000
2018-10-29,142.809998,147.339996,139.360001,141.259995,137.964874,2307500
2018-10-30,141.979996,142.550003,139.110001,141.139999,137.847717,1867300
2018-10-31,142.889999,147.100006,142.889999,145.479996,142.086472,1851800
2018-11-01,145.479996,150.380005,145.479996,149.940002,146.442429,1490300
2018-11-02,151.389999,151.570007,148.630005,149.460007,145.973663,1149300
2018-11-05,150.000000,151.419998,149.259995,150.990005,147.467941,1045100
2018-11-06,150.289993,152.259995,149.839996,150.630005,147.116364,944000
2018-11-07,151.830002,154.369995,151.360001,153.449997,149.870560,1016400
2018-11-08,154.089996,155.419998,152.880005,155.339996,151.716476,1156600
2018-11-09,154.820007,155.960007,152.529999,153.500000,149.919403,1718700
2018-11-12,153.050003,153.589996,149.600006,150.070007,146.569412,1327100
2018-11-13,149.759995,150.720001,147.399994,148.059998,144.606277,1102400
2018-11-14,149.550003,150.179993,144.699997,146.360001,142.945923,1534900
2018-11-15,145.240005,148.649994,143.850006,147.460007,144.020264,1253900
2018-11-16,146.729996,149.110001,146.300003,147.250000,143.815170,1565000
2018-11-19,147.240005,148.660004,146.210007,148.190002,144.733276,1279100
2018-11-20,145.649994,146.779999,144.059998,145.850006,142.872055,1270800
2018-11-21,147.029999,151.860001,147.029999,150.759995,147.681808,1761700
2018-11-23,149.369995,151.250000,149.369995,150.190002,147.123444,522700
2018-11-26,152.130005,154.179993,150.960007,153.919998,150.777252,1148200
2018-11-27,152.750000,154.029999,151.779999,152.710007,149.591980,829100
2018-11-28,153.279999,158.750000,152.389999,158.710007,155.469452,1121600
2018-11-29,157.720001,159.050003,156.149994,156.639999,153.441727,1222000
2018-11-30,156.619995,159.539993,156.270004,159.070007,155.822128,2937900
2018-12-03,161.550003,162.500000,157.479996,158.199997,154.969879,1291300
2018-12-04,157.869995,159.309998,152.350006,152.449997,149.337265,1318400
2018-12-06,149.350006,150.179993,146.800003,149.839996,146.780563,1523700
2018-12-07,150.320007,150.789993,144.779999,145.779999,142.803467,1165800
2018-12-10,145.539993,146.509995,142.910004,145.750000,142.774048,973600
2018-12-11,147.820007,148.929993,144.639999,145.410004,142.441025,1141900
2018-12-12,149.080002,149.839996,147.229996,148.429993,145.399353,1567600
2018-12-13,148.669998,149.960007,147.649994,148.949997,145.908752,1103700
2018-12-14,147.679993,148.460007,145.210007,145.520004,142.548767,1482300
2018-12-17,145.589996,146.149994,140.639999,141.389999,138.503098,1509200
2018-12-18,142.410004,144.119995,141.119995,142.199997,139.296585,1245400
2018-12-19,142.710007,143.940002,137.440002,139.500000,136.651688,1554300
2018-12-20,139.070007,139.839996,135.410004,136.669998,133.879486,1881900
2018-12-21,135.979996,139.339996,132.550003,132.580002,129.872986,2324400
2018-12-24,131.820007,132.070007,129.259995,129.350006,126.708946,724500
2018-12-26,129.770004,136.850006,129.770004,136.649994,133.859848,1250200
2018-12-27,135.639999,139.970001,134.220001,139.949997,137.092514,1126800
2018-12-28,140.610001,141.240005,138.240005,139.350006,136.504730,769800
2018-12-31,140.160004,140.820007,138.779999,140.039993,137.180664,679300
2019-01-02,137.419998,142.179993,137.419998,140.850006,137.974136,1196400
2019-01-03,140.380005,140.729996,135.919998,136.179993,133.399475,1064500
2019-01-04,138.550003,143.820007,138.470001,143.279999,140.354492,1139200
2019-01-07,142.779999,145.429993,142.580002,143.809998,140.873688,941300
2019-01-08,142.369995,145.949997,141.490005,145.899994,142.921005,1437500
2019-01-09,145.880005,148.139999,145.789993,146.389999,143.401001,1017100
2019-01-10,145.679993,149.229996,145.020004,149.039993,145.996902,929800
2019-01-11,148.190002,149.580002,147.380005,148.970001,145.928329,933700
2019-01-14,147.589996,149.669998,147.520004,149.220001,146.173218,756700
2019-01-15,149.350006,153.570007,149.169998,153.229996,150.101349,976600
2019-01-16,154.089996,156.059998,153.580002,155.399994,152.227051,1068300
2019-01-17,154.539993,158.389999,154.529999,157.860001,154.636841,966300
2019-01-18,159.160004,160.020004,158.110001,159.399994,156.145370,1003100
2019-01-22,158.630005,159.309998,154.419998,155.479996,152.305420,1496100
2019-01-23,155.750000,156.279999,153.559998,154.809998,151.649063,901100
2019-01-24,154.419998,155.149994,153.690002,154.119995,150.973190,941700
2019-01-25,155.520004,157.039993,154.119995,156.529999,153.333984,859700
2019-01-28,154.759995,156.690002,154.729996,155.880005,152.697266,906100
2019-01-29,155.630005,156.389999,154.880005,155.139999,151.972351,604600
2019-01-30,155.210007,156.940002,154.600006,156.470001,153.275223,836300
2019-01-31,155.729996,159.190002,155.089996,158.509995,155.273560,1067700
2019-02-01,158.759995,161.270004,158.759995,160.199997,156.929031,778800
2019-02-04,160.039993,161.000000,158.889999,160.669998,157.389435,615300
2019-02-05,160.779999,163.029999,160.779999,162.770004,159.446564,1023700
2019-02-06,161.990005,162.479996,160.380005,161.699997,158.398407,1369500
2019-02-07,159.470001,161.110001,158.720001,160.759995,157.477615,958600
2019-02-08,159.679993,161.190002,159.029999,161.029999,157.742096,940800
2019-02-11,161.679993,162.539993,160.850006,161.800003,158.496414,583800
2019-02-12,163.000000,163.350006,161.800003,163.149994,159.818802,652200
2019-02-13,164.199997,165.800003,163.809998,164.610001,161.249008,564800
2019-02-14,163.440002,164.559998,162.570007,163.729996,160.386963,1378800
2019-02-15,169.990005,171.979996,166.820007,169.259995,165.804062,2228800
2019-02-19,168.850006,169.639999,166.009995,167.960007,164.530624,978500
2019-02-20,168.440002,169.649994,167.979996,169.460007,165.999985,837400
2019-02-21,169.740005,170.770004,168.740005,170.600006,167.116699,1209800
2019-02-22,170.880005,172.940002,170.649994,172.699997,169.671097,862300
2019-02-25,173.500000,175.080002,172.080002,172.500000,169.474609,946200
2019-02-26,172.100006,173.690002,171.520004,172.490005,169.464783,715600
2019-02-27,171.940002,173.809998,171.669998,173.600006,170.555328,618500
2019-02-28,173.899994,174.869995,172.770004,173.119995,170.083740,822700
2019-03-01,174.860001,176.000000,174.630005,175.669998,172.589005,780900
2019-03-04,175.550003,177.000000,170.539993,172.240005,169.219177,1295400
2019-03-05,172.240005,173.660004,170.770004,171.059998,168.059875,910600
2019-03-06,171.050003,171.570007,169.029999,170.149994,167.165802,926000
2019-03-07,169.539993,170.369995,168.199997,169.360001,166.389648,904400
2019-03-08,168.190002,170.100006,167.779999,169.940002,166.959503,681900
2019-03-11,170.080002,172.050003,170.080002,171.539993,168.531433,802000
2019-03-12,172.000000,173.550003,171.710007,172.429993,169.405823,987000
2019-03-13,173.169998,174.559998,172.410004,173.559998,170.516006,957200
2019-03-14,173.770004,175.080002,173.139999,174.979996,171.911118,949500
2019-03-15,175.130005,177.119995,174.630005,176.690002,173.591110,1188400
2019-03-18,177.000000,178.139999,176.550003,177.970001,174.848679,821900
2019-03-19,179.000000,179.429993,178.009995,178.630005,175.497101,647700
2019-03-20,178.270004,178.309998,176.360001,177.250000,174.141296,1269800
2019-03-21,176.330002,182.529999,176.330002,181.990005,178.798172,1706100
2019-03-22,180.509995,180.970001,177.690002,177.889999,174.770081,990200
2019-03-25,177.809998,178.649994,176.500000,177.410004,174.298508,826700
2019-03-26,179.309998,179.360001,175.919998,177.910004,174.789734,1108800
2019-03-27,178.000000,178.500000,176.360001,177.839996,174.720963,973900
2019-03-28,178.199997,179.820007,177.929993,179.389999,176.243759,656000
2019-03-29,180.990005,181.610001,179.970001,181.089996,177.913956,1052300
2019-04-01,182.789993,184.580002,182.669998,184.479996,181.244476,739600
2019-04-02,184.889999,185.490005,183.410004,185.050003,181.804474,1245500
2019-04-03,186.449997,187.300003,185.500000,186.220001,182.953949,767400
2019-04-04,186.779999,187.649994,185.710007,186.830002,183.553268,546600
2019-04-05,187.690002,188.509995,186.589996,187.240005,183.956100,652100
2019-04-08,186.699997,187.820007,185.630005,187.169998,183.887299,954600
2019-04-09,186.250000,187.020004,185.410004,186.660004,183.386246,771700
2019-04-10,186.820007,187.830002,184.789993,185.279999,182.030472,1051300
2019-04-11,185.610001,185.619995,184.570007,185.250000,182.001007,862300
2019-04-12,186.899994,187.270004,185.839996,187.110001,183.828354,679800
2019-04-15,187.139999,189.490005,187.139999,189.210007,185.891556,609300
2019-04-16,189.270004,190.779999,188.899994,190.539993,187.198196,718000
2019-04-17,190.679993,191.300003,187.970001,187.970001,184.673294,708100
2019-04-18,187.800003,189.539993,187.289993,189.059998,185.744171,627300
2019-04-22,188.410004,189.240005,187.660004,188.089996,184.791168,673100
2019-04-23,188.320007,189.820007,186.710007,188.639999,185.331512,1211700
2019-04-24,188.630005,194.960007,185.649994,194.369995,190.961029,1607300
2019-04-25,193.779999,194.300003,190.399994,193.229996,189.841019,950900
2019-04-26,193.449997,195.850006,192.270004,195.559998,192.130157,732100
2019-04-29,195.339996,196.369995,194.270004,194.699997,191.285248,733100
2019-04-30,194.500000,196.910004,193.600006,196.619995,193.171570,868000
2019-05-01,196.949997,197.410004,193.520004,193.899994,190.499283,832500
2019-05-02,193.649994,194.800003,192.110001,192.770004,189.389114,784900
2019-05-03,194.039993,196.550003,193.089996,196.440002,192.994736,526100
2019-05-06,192.419998,197.729996,192.410004,197.240005,193.780716,664000
2019-05-07,194.559998,195.820007,191.000000,192.639999,189.261368,806300
2019-05-08,192.600006,194.190002,191.889999,192.020004,188.652237,603800
2019-05-09,191.449997,191.449997,187.220001,188.880005,185.567337,997800
2019-05-10,187.839996,189.320007,184.270004,188.990005,185.675415,921100
2019-05-13,184.669998,185.789993,182.839996,183.509995,180.291504,742100
2019-05-14,184.320007,188.600006,183.240005,186.740005,183.464844,744000
2019-05-15,184.850006,187.839996,184.570007,186.649994,183.376450,766700
2019-05-16,187.250000,190.800003,186.000000,189.270004,185.950485,761800
2019-05-17,186.520004,188.039993,185.580002,185.929993,183.152908,696800
2019-05-20,185.029999,186.339996,183.490005,184.770004,182.010239,753300
2019-05-21,186.059998,187.869995,186.059998,187.710007,184.906326,701400
2019-05-22,187.479996,190.399994,187.479996,189.869995,187.034027,788600
2019-05-23,187.380005,188.350006,184.100006,184.600006,181.842758,1093700
2019-05-24,186.460007,186.529999,183.580002,185.100006,182.335312,1028900
2019-05-28,185.649994,191.399994,185.649994,187.389999,184.591080,3301900
2019-05-29,186.440002,188.350006,185.520004,186.229996,183.448425,933300
2019-05-30,186.559998,188.250000,186.440002,187.300003,184.502441,706300
2019-05-31,185.570007,186.210007,182.610001,182.880005,180.148468,905600
2019-06-03,182.979996,184.889999,179.759995,181.009995,178.306381,1117600
2019-06-04,182.029999,184.949997,181.649994,184.860001,182.098907,736500
2019-06-05,185.660004,187.080002,183.550003,186.839996,184.049301,744800
2019-06-06,186.949997,189.789993,186.770004,188.910004,186.088409,567800
2019-06-07,190.000000,191.529999,189.759995,189.910004,187.073441,476800
2019-06-10,190.910004,193.089996,190.669998,191.949997,189.082993,763800
2019-06-11,193.210007,193.210007,187.860001,189.880005,187.043915,772100
2019-06-12,189.479996,191.229996,188.490005,190.820007,187.969864,688900
2019-06-13,191.729996,192.470001,189.380005,192.360001,189.486862,792100
2019-06-14,190.479996,193.559998,190.479996,192.300003,189.427765,653900
2019-06-17,192.850006,193.880005,191.050003,191.820007,188.954941,788200
2019-06-18,191.960007,194.660004,191.960007,194.039993,191.141754,609700
2019-06-19,194.580002,197.300003,193.500000,196.059998,193.131607,1208000
2019-06-20,198.449997,201.380005,197.039993,197.350006,194.402328,1879400
2019-06-21,197.559998,197.559998,194.250000,194.559998,191.654007,2023600
2019-06-24,194.910004,196.440002,194.850006,195.110001,192.195801,1391000
2019-06-25,195.990005,197.380005,193.759995,193.789993,190.895493,1833700
2019-06-26,194.520004,194.520004,192.610001,193.889999,190.994003,626200
2019-06-27,195.149994,195.649994,193.550003,195.330002,192.412491,409600
2019-06-28,196.279999,197.639999,195.309998,195.309998,192.392776,3133100
2019-07-01,198.460007,199.369995,197.440002,198.330002,195.367722,1091300
2019-07-02,198.119995,200.600006,198.119995,200.259995,197.268860,655600
2019-07-03,201.440002,202.729996,200.270004,202.610001,199.583740,277100
2019-07-05,202.009995,202.399994,199.029999,201.429993,198.421387,605600
2019-07-08,200.190002,200.539993,196.880005,197.580002,194.628891,479400
2019-07-09,195.949997,198.199997,195.429993,198.050003,195.091873,521200
2019-07-10,200.619995,200.929993,199.160004,199.770004,196.786163,607500
2019-07-11,200.179993,202.940002,199.860001,201.660004,198.647964,579700
2019-07-12,202.789993,205.339996,201.750000,205.309998,202.243423,564500
2019-07-15,205.210007,205.389999,204.089996,205.000000,201.938080,398700
2019-07-16,206.089996,206.089996,203.369995,204.979996,201.918350,645700
2019-07-17,204.869995,205.059998,202.699997,202.770004,199.741394,709000
2019-07-18,202.949997,204.539993,202.750000,204.270004,201.218994,343100
2019-07-19,204.889999,204.990005,200.800003,200.889999,197.889450,522500
2019-07-22,200.990005,203.070007,200.460007,202.270004,199.248856,401900
2019-07-23,203.270004,203.270004,201.149994,202.649994,199.623169,367500
2019-07-24,201.789993,203.160004,199.809998,203.029999,199.997513,530100
2019-07-25,202.520004,202.820007,200.429993,200.860001,197.859894,517400
2019-07-26,201.009995,204.160004,201.009995,203.399994,200.361938,656900
2019-07-29,203.500000,203.710007,201.410004,201.470001,198.460785,731000
2019-07-30,201.110001,202.320007,199.960007,202.240005,199.219299,621500
2019-07-31,208.649994,216.740005,207.000000,214.339996,211.138565,2159000
2019-08-01,212.889999,220.679993,212.130005,216.050003,212.823029,1582900
2019-08-02,215.889999,216.589996,211.899994,214.300003,211.099182,866500
2019-08-05,212.220001,212.220001,200.649994,202.690002,199.662582,1222100
2019-08-06,204.020004,206.559998,203.020004,206.300003,203.218658,856900
2019-08-07,201.839996,208.720001,201.089996,208.250000,205.139542,599600
2019-08-08,210.460007,215.119995,210.000000,214.649994,211.443909,546000
2019-08-09,213.869995,215.410004,211.789993,214.130005,210.931717,524700
2019-08-12,212.710007,213.559998,210.369995,212.929993,209.749619,494500
2019-08-13,212.399994,215.179993,211.559998,213.500000,210.311111,638800
2019-08-14,210.169998,211.240005,205.020004,206.509995,203.425507,843700
2019-08-15,207.339996,210.759995,206.229996,209.949997,206.814133,454000
2019-08-16,212.509995,214.860001,210.889999,214.289993,211.089310,594400
2019-08-19,215.940002,218.309998,215.940002,217.529999,214.782059,526500
2019-08-20,216.910004,218.210007,215.399994,216.639999,213.903290,515300
2019-08-21,218.460007,219.740005,218.199997,219.039993,216.272980,512400
2019-08-22,219.809998,219.979996,216.279999,216.770004,214.031647,893000
2019-08-23,216.000000,216.240005,209.139999,210.399994,207.742126,946600
2019-08-26,212.000000,213.089996,210.369995,212.259995,209.578613,422000
2019-08-27,213.479996,214.600006,212.720001,213.270004,210.575897,735600
2019-08-28,212.550003,216.339996,212.199997,214.360001,211.652100,595200
2019-08-29,217.000000,217.699997,215.270004,216.360001,213.626846,612000
2019-08-30,218.199997,218.399994,214.369995,215.580002,212.856689,654700
2019-09-03,213.949997,215.729996,210.889999,213.139999,210.447525,812700
2019-09-04,214.089996,215.660004,211.889999,213.699997,211.000427,806900
2019-09-05,216.520004,220.500000,215.100006,219.580002,216.806183,853700
2019-09-06,219.649994,222.850006,219.089996,220.539993,217.754044,510800
2019-09-09,221.570007,221.570007,215.979996,217.369995,214.624084,736100
2019-09-10,216.889999,216.889999,209.419998,211.460007,208.788757,1142200
2019-09-11,212.000000,213.399994,208.279999,213.089996,210.398148,772400
2019-09-12,214.589996,215.529999,211.850006,212.979996,210.289520,861800
2019-09-13,214.470001,214.470001,210.270004,212.279999,209.598389,690400
2019-09-16,211.190002,213.339996,210.399994,213.330002,210.635147,547800
2019-09-17,213.820007,218.559998,213.750000,218.160004,215.404114,638700
2019-09-18,218.899994,218.899994,213.289993,216.759995,214.021774,1302000
2019-09-19,216.250000,218.059998,215.580002,216.570007,213.834213,1140800
2019-09-20,217.619995,217.619995,213.649994,214.080002,211.375641,1520800
2019-09-23,215.479996,215.490005,212.050003,215.380005,212.659210,1068600
2019-09-24,216.169998,217.000000,210.479996,210.580002,207.919861,1608000
2019-09-25,210.869995,214.279999,210.330002,213.729996,211.030060,722100
2019-09-26,213.830002,214.429993,211.710007,213.179993,210.487030,702100
2019-09-27,215.440002,215.740005,203.210007,205.880005,203.279236,1727400
2019-09-30,205.000000,207.949997,204.479996,204.830002,202.242477,933600
2019-10-01,205.479996,205.889999,201.380005,201.490005,198.944717,891200
2019-10-02,199.850006,200.839996,196.330002,196.809998,194.323792,1327000
2019-10-03,197.169998,200.070007,195.570007,199.559998,197.039078,665200
2019-10-04,200.080002,203.669998,199.830002,203.559998,200.988541,522200
2019-10-07,204.830002,210.119995,204.830002,208.210007,205.579819,1016700
2019-10-08,206.789993,208.850006,203.740005,205.759995,203.160751,1085700
2019-10-09,208.100006,210.669998,207.240005,209.649994,207.001602,570200
2019-10-10,209.190002,212.729996,208.759995,211.050003,208.383926,474400
2019-10-11,215.000000,216.270004,213.770004,214.100006,211.395370,873000
2019-10-14,213.940002,215.919998,213.199997,214.470001,211.760727,835100
2019-10-15,215.929993,219.119995,215.460007,218.690002,215.927414,664200
2019-10-16,217.880005,217.880005,214.509995,217.149994,214.406860,511500
2019-10-17,217.500000,219.149994,216.910004,218.770004,216.006393,430000
2019-10-18,218.139999,218.759995,215.770004,217.300003,214.554962,608900
2019-10-21,218.270004,219.399994,216.960007,219.289993,216.519836,476500
2019-10-22,219.210007,219.669998,213.029999,213.199997,210.506760,462600
2019-10-23,212.919998,213.520004,209.750000,211.970001,209.292297,975500
2019-10-24,213.199997,216.179993,212.529999,215.580002,212.856689,348800
2019-10-25,215.339996,217.369995,215.339996,216.009995,213.281235,391700
2019-10-28,217.000000,217.919998,215.949997,216.289993,213.557724,494600
2019-10-29,217.369995,221.419998,217.050003,220.399994,217.615799,1072400
2019-10-30,222.190002,222.190002,212.130005,218.240005,215.483109,1124800
2019-10-31,218.039993,222.440002,218.039993,220.690002,217.902145,669700
2019-11-01,222.449997,223.820007,220.080002,220.500000,217.714554,569100
2019-11-04,222.369995,222.410004,217.710007,218.000000,215.246109,558800
2019-11-05,218.500000,218.630005,211.500000,213.059998,210.368546,965000
2019-11-06,213.000000,216.550003,212.270004,215.800003,213.073914,882200
2019-11-07,217.059998,219.029999,215.410004,218.270004,215.512711,609100
2019-11-08,217.850006,219.250000,216.610001,218.130005,215.374496,467000
2019-11-11,216.259995,219.149994,215.429993,218.050003,215.295486,440000
2019-11-12,217.929993,219.759995,217.110001,217.460007,214.712967,469100
2019-11-13,216.660004,219.910004,216.429993,218.740005,215.976791,520200
2019-11-14,218.639999,219.149994,215.910004,218.860001,216.095261,417500
2019-11-15,220.000000,220.660004,218.600006,220.149994,217.368988,524600
2019-11-18,220.300003,221.509995,219.919998,221.380005,218.583450,577800
2019-11-19,221.809998,225.399994,221.369995,223.869995,221.041992,689600
2019-11-20,223.949997,226.740005,222.169998,223.910004,221.576355,745100
2019-11-21,223.660004,225.199997,222.110001,224.139999,221.803955,698500
2019-11-22,224.970001,226.000000,221.429993,222.949997,220.626343,619200
2019-11-25,223.729996,226.289993,223.270004,225.740005,223.387283,793400
2019-11-26,225.750000,227.820007,225.639999,226.729996,224.366959,753700
2019-11-27,227.039993,227.389999,224.009995,226.529999,224.169052,844700
2019-11-29,225.889999,228.210007,225.440002,226.669998,224.307571,387600
2019-12-02,226.500000,227.949997,224.169998,225.199997,222.852890,556500
2019-12-03,222.449997,224.979996,222.449997,224.800003,222.457077,456500
2019-12-04,225.000000,226.899994,224.259995,226.800003,224.436234,516700
2019-12-05,226.929993,229.529999,225.210007,229.360001,226.969559,556000
2019-12-06,231.479996,232.690002,229.699997,231.770004,229.354446,724700
2019-12-09,232.149994,232.720001,230.389999,230.550003,228.147156,689700
2019-12-10,230.479996,231.639999,229.529999,231.050003,228.641953,449800
2019-12-11,231.750000,233.600006,231.130005,233.250000,230.819016,791600
2019-12-12,234.000000,236.289993,232.750000,234.330002,231.887756,1179200
2019-12-13,233.529999,236.860001,231.839996,235.080002,232.629929,518700
2019-12-16,237.210007,239.520004,235.820007,236.100006,233.639297,662700
2019-12-17,236.830002,236.830002,234.119995,235.360001,232.907013,752600
2019-12-18,236.669998,236.889999,235.520004,236.479996,234.015350,973500
2019-12-19,235.580002,240.059998,235.580002,238.199997,235.717407,900500
2019-12-20,238.990005,239.669998,237.610001,238.139999,235.658051,1187200
2019-12-23,239.190002,240.220001,236.570007,237.059998,234.589294,947200
2019-12-24,237.350006,238.500000,236.089996,238.179993,235.697601,159200
2019-12-26,238.759995,239.860001,238.160004,239.059998,236.568436,266300
2019-12-27,239.809998,240.309998,238.190002,239.300003,236.805954,551100
2019-12-30,239.020004,239.339996,236.070007,237.660004,235.183060,340000
2019-12-31,236.850006,238.699997,236.369995,237.410004,234.935654,594100
2020-01-02,238.679993,241.729996,238.009995,241.720001,239.200745,869700
2020-01-03,238.820007,241.610001,238.559998,241.119995,238.606979,475800
2020-01-06,239.669998,241.949997,239.240005,241.869995,239.349152,714900
2020-01-07,242.580002,245.210007,240.809998,241.000000,238.488235,743700
2020-01-08,242.050003,247.240005,242.050003,245.619995,243.060089,887200
2020-01-09,246.570007,249.429993,246.419998,248.850006,246.256409,811100
2020-01-10,250.000000,250.770004,247.039993,248.029999,245.444962,594300
2020-01-13,248.169998,251.520004,248.169998,251.490005,248.868896,707000
2020-01-14,251.289993,252.110001,249.229996,249.429993,246.830368,551800
2020-01-15,249.309998,254.649994,248.850006,253.029999,250.392853,856700
2020-01-16,254.949997,256.220001,254.169998,256.049988,253.381378,603200
2020-01-17,257.619995,258.269989,255.770004,257.630005,254.944931,830400
2020-01-21,256.839996,258.109985,255.770004,256.339996,253.668350,911000
2020-01-22,258.100006,258.489990,256.480011,257.470001,254.786575,596600
2020-01-23,256.450012,258.510010,255.350006,257.089996,254.410522,810000
2020-01-24,257.940002,258.890015,254.380005,255.619995,252.955872,495600
2020-01-27,253.320007,256.190002,252.000000,255.119995,252.461090,707400
2020-01-28,256.309998,260.489990,255.610001,260.190002,257.478241,781100
2020-01-29,260.500000,262.959991,259.619995,260.670013,257.953247,441800
2020-01-30,259.880005,263.890015,258.769989,263.809998,261.060486,563500
2020-01-31,261.679993,263.809998,256.130005,256.790009,254.113678,827800
2020-02-03,258.220001,261.519989,258.220001,261.010010,258.289673,748200
2020-02-04,265.600006,269.269989,264.720001,266.859985,264.078705,742100
2020-02-05,269.250000,269.299988,261.839996,264.339996,261.584961,715200
2020-02-06,266.420013,269.929993,266.209991,268.010010,265.216736,806900
2020-02-07,268.010010,269.190002,265.850006,267.500000,264.712036,647800
2020-02-10,266.950012,268.730011,266.309998,268.429993,265.632294,729300
2020-02-11,269.790009,272.940002,268.720001,270.989990,268.165680,946300
2020-02-12,272.000000,276.989990,262.459991,273.410004,270.560455,981300
2020-02-13,273.130005,274.410004,268.040009,272.769989,269.927094,910900
2020-02-14,273.380005,278.000000,273.000000,277.829987,274.934357,931900
2020-02-18,277.720001,280.799988,273.920013,280.679993,277.754669,771100
2020-02-19,282.119995,287.250000,281.959991,285.309998,282.336426,986300
2020-02-20,284.640015,285.609985,275.220001,278.869995,275.963531,1000900
2020-02-21,276.829987,276.829987,269.109985,271.829987,268.996887,961400
2020-02-24,264.299988,268.649994,263.600006,266.260010,264.028900,990000
2020-02-25,268.000000,269.450012,258.709991,260.029999,257.851074,1090700
2020-02-26,260.519989,267.459991,260.459991,261.010010,258.822876,951300
2020-02-27,256.839996,256.839996,243.899994,244.070007,242.024841,1993700
2020-02-28,236.660004,241.660004,232.059998,240.029999,238.018677,1987700
2020-03-02,245.910004,259.779999,242.619995,259.519989,257.345367,1526000
2020-03-03,258.230011,263.290009,249.490005,252.869995,250.751099,1734900
2020-03-04,257.160004,270.350006,255.669998,269.579987,267.321075,1221400
2020-03-05,260.260010,264.720001,248.779999,252.610001,250.493271,1557400
2020-03-06,242.619995,244.490005,231.389999,238.470001,236.471756,2197400
2020-03-09,218.149994,223.740005,209.399994,210.850006,209.083206,2551400
2020-03-10,220.800003,227.600006,213.899994,227.600006,225.692841,2208100
2020-03-11,220.910004,221.660004,206.679993,211.259995,209.489761,1611900
2020-03-12,200.339996,212.130005,189.000000,193.339996,191.719910,2632300
2020-03-13,205.039993,213.570007,194.539993,213.070007,211.284607,2329300
2020-03-16,182.000000,193.940002,180.000000,185.399994,183.846451,2856300
2020-03-17,188.899994,206.429993,185.490005,202.089996,200.396576,2046600
2020-03-18,182.919998,187.350006,165.229996,174.350006,172.889038,2819000
2020-03-19,173.559998,181.479996,166.000000,177.910004,176.419220,2610500
2020-03-20,180.339996,183.000000,171.470001,175.800003,174.326904,2017300
2020-03-23,171.550003,182.039993,164.190002,165.089996,163.706635,1699800
2020-03-24,175.259995,196.610001,172.020004,195.750000,194.109726,1404700
2020-03-25,193.500000,217.910004,192.130005,207.130005,205.394363,1686800
2020-03-26,209.660004,227.470001,209.119995,224.330002,222.450256,1650700
2020-03-27,215.339996,226.550003,215.339996,220.190002,218.344940,1305800
2020-03-30,222.160004,226.330002,218.300003,222.220001,220.357910,1026900
2020-03-31,218.309998,221.979996,210.759995,211.500000,209.727737,1379100
2020-04-01,201.929993,207.300003,195.699997,197.550003,195.894669,1455000
2020-04-02,195.399994,206.970001,192.000000,206.720001,204.987808,1025200
2020-04-03,203.009995,210.259995,202.979996,208.789993,207.040451,1002100
2020-04-06,220.589996,231.479996,217.440002,229.160004,227.239777,1429000
2020-04-07,238.279999,239.979996,228.669998,228.710007,226.793533,1009500
2020-04-08,232.899994,234.360001,225.320007,226.520004,224.621887,1059600
2020-04-09,228.880005,248.179993,228.130005,241.679993,239.654861,2129400
2020-04-13,238.800003,240.000000,229.589996,231.089996,229.153595,944100
2020-04-14,238.250000,240.899994,235.210007,237.759995,235.767715,926900
2020-04-15,230.419998,233.440002,227.789993,229.830002,227.904160,989000
2020-04-16,231.110001,238.000000,229.630005,234.710007,232.743271,1263900
2020-04-17,242.929993,246.779999,235.500000,239.360001,237.354294,1523500
2020-04-20,235.649994,240.940002,235.000000,239.470001,237.463379,809400
2020-04-21,233.130005,235.119995,227.750000,228.259995,226.347321,807400
2020-04-22,233.460007,241.500000,233.070007,239.830002,237.820358,788300
2020-04-23,239.229996,243.610001,236.500000,240.000000,237.988937,757900
2020-04-24,242.360001,245.949997,237.649994,245.199997,243.145370,1024700
2020-04-27,248.740005,257.130005,248.000000,254.559998,252.426926,1032900
2020-04-28,261.220001,263.390015,251.149994,252.029999,249.918121,877800
2020-04-29,255.419998,259.980011,253.289993,254.979996,252.843414,1203400
2020-04-30,241.000000,251.520004,235.139999,243.899994,241.856247,1578300
2020-05-01,241.399994,242.660004,238.130005,241.839996,239.813507,780700
2020-05-04,239.000000,245.889999,236.320007,245.389999,243.333771,830000
2020-05-05,249.070007,252.789993,246.339996,250.470001,248.371216,1106200
2020-05-06,251.600006,252.160004,240.289993,241.490005,239.466446,843900
2020-05-07,245.529999,249.259995,244.220001,247.690002,245.614502,764100
2020-05-08,251.740005,253.720001,249.750000,251.750000,249.640488,576600
2020-05-11,248.949997,255.240005,247.300003,253.059998,250.939499,690300
2020-05-12,254.979996,257.279999,250.490005,250.490005,248.391037,655700
2020-05-13,248.880005,253.399994,244.289993,247.720001,245.644257,751800
2020-05-14,244.580002,254.320007,243.130005,253.869995,251.742737,1117900
2020-05-15,258.140015,261.380005,249.220001,251.309998,249.204147,2691200
2020-05-18,257.000000,262.589996,256.459991,259.809998,257.632935,1125100
2020-05-19,259.279999,261.290009,253.539993,253.919998,252.336182,958300
2020-05-20,257.989990,259.820007,255.470001,256.269989,254.671509,740600
2020-05-21,255.639999,256.440002,252.020004,253.770004,252.187119,1228500
2020-05-22,255.779999,258.480011,252.110001,256.820007,255.218109,384500
2020-05-26,263.010010,263.779999,259.100006,259.700012,258.080139,805800
2020-05-27,263.399994,263.700012,255.389999,258.790009,257.175812,806100
2020-05-28,261.000000,268.640015,259.190002,264.790009,263.138367,1249400
2020-05-29,265.950012,268.130005,262.109985,267.410004,265.742035,1245800
2020-06-01,269.640015,277.980011,269.640015,277.040009,275.311981,988600
2020-06-02,277.149994,277.739990,273.359985,276.440002,274.715729,1034000
2020-06-03,279.589996,283.489990,276.929993,282.579987,280.817413,764900
2020-06-04,280.000000,282.100006,273.660004,276.029999,274.308289,780300
2020-06-05,281.470001,283.640015,277.760010,279.690002,277.945435,990900
2020-06-08,276.179993,281.869995,273.339996,281.809998,280.052216,1089800
2020-06-09,277.000000,279.100006,274.690002,274.980011,273.264832,946400